983407854735560705,China can't compete with the U.S. in a tariff fight. FX devaluation and defiance of U.S. demands are China's weapon. https://t.co/da6oRhe4ST
984600936889790464,"‚ÄúWe owe to the animals the minimal acceptable conditions.‚Äù
Yes, we do. Also owed to the people imprisoned in #Gaza‚Ä¶ https://t.co/yFrmYp4k9s"
984257614555983873,Corporate Visit from Putrajaya International Convention Centre (PICC) to Bangkok International Trade &amp; Exhibition C‚Ä¶ https://t.co/rocnPHkd3p
984983105739067392,"I'm at MITEC Malaysia International Trade &amp; Exhibition Centre in Kuala Lumpur, Federal Territory of Kuala Lumpur‚Ä¶ https://t.co/MvZRftsPKD"
983547972569804801,"So, by building trade cooperation through ECOWAS Indonesia would be able to seek tariff reduction through especiall‚Ä¶ https://t.co/hARi7dMOmw"
986000029394653184,"I'm at MITEC Malaysia International Trade &amp; Exhibition Centre in Kuala Lumpur, Federal Territory of Kuala Lumpur https://t.co/KdgNQTptUv"
984307885143453697,"Asia, Gulf States, Afghanistan and Iran.
Gwadar port is going to be the International trade and business hub for In‚Ä¶ https://t.co/JhgZM7zdMP"
983222127779233792,@WilkieMP This government wouldn't shut down the live animal export trade if  the sheep's intestines were walking down Pitt Street.
985277698728648704,@14luxor @JoshBBornstein @sallymcmanus The New South Wales Teachers Federation is affiliated to the Australian Educ‚Ä¶ https://t.co/Wmj1odzSZG
984312362311155712,Trade critics want an end to tariff talk. Trump offers an aid package to farmers. https://t.co/IixX1aL8Jw via @WSJ
984030565702696960,@Barnaby_Joyce Mr Joyce - Sort out the live animal export trade. You gutless bully.
983116630208143361,@UndaSthnXiStand @DrCraigEmerson This live export trade is as barbaric cruel indrustry animals are really suffering‚Ä¶ https://t.co/gLu02DM2Er
982785589534584833,#Iran's exports of #saffron are growing after trade restrictions were eased in 2016 but increased volumes are weigh‚Ä¶ https://t.co/uZVqR00Qdk
985285307724541952,@jimmysllama @AssangeLiberty US imperialism gets more savage as its International Trade and political position hist‚Ä¶ https://t.co/cZxH6hs2vh
985817200350126081,"DSA 2018 (@ MITEC Malaysia International Trade &amp; Exhibition Centre in Kuala Lumpur, Federal Territory of Kuala Lump‚Ä¶ https://t.co/LW8bpPxH3L"
984089516817330177,"The Belt $ Road Initiative is aimed at achieving policy, infrastructure, trade,  financial and people-to-people con‚Ä¶ https://t.co/MBwTbMym4V"
984932194689912832,"I'm at MITEC Malaysia International Trade &amp; Exhibition Centre in Kuala Lumpur, Federal Territory of Kuala Lumpur https://t.co/YbJTtuf9Xj"
982925959882948608,Let‚Äôs remember who the REAL victims of the live export trade are (hint; it‚Äôs not the live exporting famers). These‚Ä¶ https://t.co/7qUezR4Jbm
983899871827574784,"@rickygervais please, please add your voice to help us pressure the Australian Government to the barbaric trade of‚Ä¶ https://t.co/M8pljM8QW7"
986233201105358848,"""blockchains used to manage supply chains, have the potential to provide a new digital services infrastructure for‚Ä¶ https://t.co/H5owXIJCBP"
985083580572405760,I'm at Melaka International Trade Centre (MITC) in Melaka https://t.co/trneY3oKJW
983470514185187328,"And the idiotic MSM keep up the mantra 
-Trade war
-Trade war
Not one mention of the fact that cars imported into C‚Ä¶ https://t.co/tcECl3kkHI"
983555408932454401,"US casts doubt on Australia's claim of permanent exemption from Trump's tariffs
US Customs and Border Protection sa‚Ä¶ https://t.co/W0HYYdJnRp"
982859926568558592,"Lukeeng at chuuuüï∫üèª
#MIHAS2018
@mihasecretariat @ Malaysia International Trade and Exhibition Centre https://t.co/WA8GvC1xTC"
984659658584440832,Thank you @GuardianAus for reporting on the cruel and barbaric live export trade. Whether you eat meat or not  thes‚Ä¶ https://t.co/wzN2CG002c
985064424380731392,"ROBE lighting new MegaPointe won a 2018 PiPA (Prolight + Sound International Press Award) for ‚ÄòBest Light‚Äô, a decis‚Ä¶ https://t.co/vVyocjORgJ"
982729934182400000,@SenFeinstein @shereeeeno Trump has no idea about international trade. He thinks the deficit is a debt. He‚Äôs a moro‚Ä¶ https://t.co/Q0lXY6gNjz
983476911857782785,The Morning Jumpstart 10/4/18 - US and European share started the week on a positive note finishing with gains alth‚Ä¶ https://t.co/8TYxjdwcgD
983971804631977989,"@abcnews Fuck live export and the farmers. Bloody disgrace. Who gives a rats ass how old it is, vile trade has to end ASAP."
983152184278724608,@DrBrianMay this is happening to sheep in the live export trade between Australia and the Middle East etc. I can't‚Ä¶ https://t.co/FJhTkdx2aU
982918032442798082,Absolutely disgusted with the treatment meted out to the poor sheep in the cruel live sheep export trade. Words fai‚Ä¶ https://t.co/eDWAn9ae0k
982919172056170506,Hang your heads in shame you barbaric bastards of the live animal export trade. An Australian disgrace. Absolutely‚Ä¶ https://t.co/uxYUxrowR3
986098261273468928,"Ah great, now the greens are using improving our chilled dead animal trade as an argument against live export. The‚Ä¶ https://t.co/51iX5Y7WIj"
985785689290649600,Visy Chairman Anthony Pratt: Australia is an export nation and successive governments have done a fantastic job wit‚Ä¶ https://t.co/vaWd45qnHi
984199534950596608,@D_LittleproudMP If a small business was shown to be engaging in extreme animal cruelty as the live export trade ha‚Ä¶ https://t.co/VfB51irYah
983306550507782144,"Yet when Gillard stopped the export trade in an effort to sort it out, the Coalition and the useless media went ban‚Ä¶ https://t.co/AY6qI5k2wl"
983105639466479617,We have a moral obligation to end the suffering for these defenceless animals. No one can just stand by and allow t‚Ä¶ https://t.co/VkDvUJiFeg
983684675322327040,"@SAFEnewzealand Hi there, wondering what happened to your live export page - I was looking at it yesterday morning‚Ä¶ https://t.co/B3ARoDsL1J"
982827299916541952,@LordDaveDeVere @60Mins I guess you're not aware a chilled carcass trade would provide more jobs in Australia *and*‚Ä¶ https://t.co/ztL69suweF
984352803702194176,"Israel‚Äôs first lady Sara Netanyahu 'appalled' by Australia's live export trade

https://t.co/yTZZ36ac02

How about‚Ä¶ https://t.co/iiUVAVNgI6"
982987394608607232,@CraigGWelch @iDGiam @OddemocracyA @benofbrisbane1 @43a6f0ce5dac4ea @emlafudd @BoganMuse @Talaolp @sharpfang‚Ä¶ https://t.co/6k6Q8DPJQ3
984469634958049280,"Strange Trump.
Trade tariffs with China increases. China does the same. Now he says it will be over if China lowers their tariff first."
982993461883289602,https://t.co/MnBFOcFlnr
985319209428119552,"@nick_thyme @nick_thyme we need less city dwellers - not more
The vast majority of migrants never export
All import‚Ä¶ https://t.co/mLKLswfCQA"
984361093903532032,Israel‚Äôs first lady Sara Netanyahu 'appalled' by Australia's live export trade https://t.co/tKcqAOwLn5
985388259319697408,"I'm at MITEC Malaysia International Trade &amp; Exhibition Centre in Kuala Lumpur, Federal Territory of Kuala Lumpur https://t.co/RwNk4Aw1Lg"
982681929634996224,"We can make 150-500 pips daily with this system. We trade many pairs: EURUSD, USDJPY, GBPUSD, GOLD, etc. #Gold #Forex #Export #ForexEA #FX"
985877847658070017,"Most recent figures show roughly 50% of all the UK's exports go to the EU.

The Commonwealth account for 8.9% of th‚Ä¶ https://t.co/q2bBhyZo9C"
984401771190767617,10 strategies for making better use of your international trade fair budget @gevme #tradeshow #cutcosts #event‚Ä¶ https://t.co/yQPNIZ6OTg
983143364378771456,@TheTodayShow @D_LittleproudMP I really hope for more from @D_LittleproudMP than we had from his predecessor. I've‚Ä¶ https://t.co/cDUAlbrU5c
982681931358834688,"We can make 150-500 pips daily with this system. We trade many pairs: EURUSD, USDJPY, GBPUSD, GOLD, etc. #Currency #Export #ForexEA #FX"
985708820910424064,"@CainTess #PNG needs to diversify and strengthen its local industry, including the agricultural sector to export le‚Ä¶ https://t.co/h6p0zXNTjz"
984511690036281344,"@popey @kdecommunity @ubuntupodcast Gday

Will this be for sale outside Euro/USA/UK ?

Currently 699 Euro = AUD$111‚Ä¶ https://t.co/ws2DAr4oEB"
983454643228471297,"@tanya_plibersek What would labor do ,if you totally banned live export because this trade is morally wrong and the‚Ä¶ https://t.co/Hm4sXRapGu"
984291957584183296,@TheEllenShow @portiaderossi üíîüíîüíî  PLEASE HELP US END THE VILE #LIVEEXPORT trade the AustGovt condones. Watch the ho‚Ä¶ https://t.co/u7zVsLTTh3
983654347299958785,"@QandA @Ban_Live_Export @AlanTudgeMP @ClareONeilMP As long as it exists, this cruelty will continue; billions of an‚Ä¶ https://t.co/etGdGmlnsx"
984606189404078080,Netanyahu angst over live trade https://t.co/c7k4jHrg02
985681713815683073,"Great to see China üá®üá≥ looking to join the India-France International Solar Alliance, to best leverage international‚Ä¶ https://t.co/eMeyC02ULf"
986136157254635520,One thing that US might have overlooked in its trade war with China. US exports to China near 25% of its total oil‚Ä¶ https://t.co/ZGp29ULCyJ
983345130869612544,"@KeithBradsher @customsvalue @sdonnan Thanks, you're proving my point. The domestic subsidy and NTB regimes in Chin‚Ä¶ https://t.co/FXJUvBdZ2d"
982785094887686144,"ICYMI ‚Äî our stop story this week: No guarantees over cross-border rules in 2019 for supplement exporters to China,‚Ä¶ https://t.co/tUKXwr30OM"
983310262043197440,The live export trade has a poor history. Time to ban it altogether. #qanda
985218658707394561,"We can make 150-500 pips daily with this system. We trade many pairs: EURUSD, USDJPY, GBPUSD, GOLD, etc. #Currency #Export #ForexEA #FX"
984258493405265920,We are honoured that our Minister of International Trade and Industry of Malaysia supports #MITEC initiatives for t‚Ä¶ https://t.co/B7G6ejkqY3
985705272659374081,"I'm at MITEC Malaysia International Trade &amp; Exhibition Centre in Kuala Lumpur, Federal Territory of Kuala Lumpur https://t.co/FfgqcOzrPr"
985496974492221441,Last week @60mins ran a story on the live export trade of sheep and‚Ä¶ https://t.co/6F3UZSSYNN
984678840084529152,"CPO FUTURES TRADE SIDE-WAYS AS APRIL EXPORT AND PRODUCTION
ARE ASSESSED NEXT WEEK https://t.co/Lm4EHd0OKf"
983532436444229632,@realDonaldTrump After Trump‚Äôs disastrous trade and economic policies take hold I‚Äôm sure the US will take cold comf‚Ä¶ https://t.co/YRgQjarGUT
983203017670316033,@kadinalaurie Plenty of successful Live Export ships. All quiet on that. I'm always in favour of improving Animal W‚Ä¶ https://t.co/AeERqayjRJ
983037701757816832,"090418
Long time no see ‚ú®
#mihas2018 @ Malaysia International Trade and Exhibition Centre https://t.co/ywRJEi47yg"
985678417860456448,I'm at Ministry of International Trade and Industry (MITI) - @mitimalaysia in Kuala Lumpur https://t.co/ytUiVuY2Ru
982791792922955777,M I H A S 2 0 1 8 üíô @ Malaysia International Trade and Exhibition‚Ä¶ https://t.co/x3v51kMno1
983332756678684673,"@customsvalue @sdonnan Duties, yes. Trade barriers and subsidies, no. This is the crux of the problem: very little‚Ä¶ https://t.co/hQiNmWtw8w"
983214130936012800,"How can you restore any integrity to a cruel, barbaric, unethical live export trade that is only about money and ha‚Ä¶ https://t.co/ivtLgKlM0y"
984951500056223744,Israel‚Äôs first lady Sara Netanyahu 'appalled' by Australia's live export trade but over looks this https://t.co/GbnhLNDSTR
984824695869419520,@kimbakit @RandaltsRandal What about a Prime Minister who allows criminals in the live export trade to avoid penalt‚Ä¶ https://t.co/MBmFadhcAM
983301424300736512,@realDonaldTrump Can we trade you?  No tariff required. They can just take you!
983297025155280896,@rickygervais As hard as those videos are to watch i force myself to watch them as that forces me to act like these‚Ä¶ https://t.co/NDhJRSxRha
986247543720833025,The 2018 KL International Motor Show (KLIMS'18) is gearing up to be a major event of 2018. It will be held at the l‚Ä¶ https://t.co/S699DLTbtX
984079757544321025,@mavsmum @SandraEckersley We need an independent enquiry into this disgusting business. Barnaby‚Äôs dirty mits are al‚Ä¶ https://t.co/wGdAdq1Yvw
982917610382639106,China's state media urges U.S. industry to rally against Trump tariff threat https://t.co/PWXF8vkC3Y
983182813473136641,"BREAKING: world-first footage taken by a brave whistleblower has exposed the extreme, routine suffering of sheep on‚Ä¶ https://t.co/AbTQQaYwtg"
984314927170043904,@ljayes New Zealand doesn‚Äôt do the live trade thing and seemingly has no shortage of international markets to sell chilled meat.
983547706437132288,"""Through the Indonesia-Africa Forum we will strive to continue increasing trade cooperation with African countries‚Ä¶ https://t.co/6h0VlKGKjc"
985976932884869120,@RSPCA please check on this man's animals he clearly doesn't deserve them as he continues to support severe animal‚Ä¶ https://t.co/CArNq1kl5a
984611090813222912,Israel‚Äôs first lady Sara Netanyahu 'appalled' by Australia's live export trade https://t.co/fCMw6FTPZQ
983180321175715840,"@LoveleeTOURS https://t.co/ihHDJiTrA3                               
 I was horrified, saddened and fuming after wa‚Ä¶ https://t.co/NVKkOGJ2rK"
983509666146672645,@TirilStenhammer I have a feeling this trade tariff is all hot air and will magically work out on the last min. Fee‚Ä¶ https://t.co/WiggMuDJnH
983832916869267458,"RBA Lowe, US CPI the highlights today.

The Australian dollar is charging higher (via @BIAUS)‚Ä¶ https://t.co/RyaDTdxj3E"
986062517637009408,"@PatrickAlanKel2 @realDonaldTrump @POTUS Trumps anti intellectual. Not widely read (especially policy), ignorant of‚Ä¶ https://t.co/7KpU4P2sag"
982932929612472325,@tanya_plibersek Does Labor support a ban on the live animal export trade?
983341238374973441,@ottel Cuba check balik Solvenia punya GST rate and bagaimana cukai dia berfungsi. Sebelum compare dengan negara la‚Ä¶ https://t.co/rhwK2vg1ef
986080382985621504,Lawatan Kerja Sehari di DSA  ‚Äî  menghadiri DSA 2018 di Malaysia International Trade and Exhibition Centre https://t.co/6I9K8gUUAi
985367698258497536,"Ayah on duty (@ MITEC Malaysia International Trade &amp; Exhibition Centre in Kuala Lumpur, Federal Territory of Kuala‚Ä¶ https://t.co/BV31uNrqEv"
986210242777120768,"Pricing Tactics
1. Multiple products - Bundling, Captive
2. Distribution based - FOB, International, Uniform, Freig‚Ä¶ https://t.co/RDLyE7Jf7E"
983233424994385923,"‚ÄúGlobalisation and international trade have underpinned the growth and prosperity of many countries, including Sing‚Ä¶ https://t.co/YWcRKORy2F"
986053796835950592,SA-4.458. TRADE UNIONS AND THE ECONOM... https://t.co/0P9nsKKYDV
983752917948624896,"Why International #Trade Disputes Matter for #ForeignExchange Rates
#forex #trading #forextrading #fxtrading‚Ä¶ https://t.co/cbBk3QkWgq"
982943639260151808,if these damn blood thirsty muslims didn't insist on killing the sheep cruelly themselves something could be done.‚Ä¶ https://t.co/VuA4zbplEQ
984350556582952961,"Israel‚Äôs first lady Sara Netanyahu 'appalled' by Australia's live export trade

https://t.co/OgyMgFIdnV"
984756736748699648,"Semua jenis penyu juga dimasukan dalam appendix I, CITES (Convention on International Trade in Endangered Species o‚Ä¶ https://t.co/5dg5BDcAa5"
984435290944126976,"PNG trade union says  wages stolen from low paid workers

""John Paska said often employers pay just 2.50 kina to mi‚Ä¶ https://t.co/fAiYSEj7uO"
983188102670725121,"Did you see the shocking report on 60 Minutes last night? Please add your voice to the condemnation of the illegal,‚Ä¶ https://t.co/uYYPDSOsVn"
983641830200717317,The immoral Live Export Transportations from Australia we must ban this dreadful trade has been allowed to go on fo‚Ä¶ https://t.co/2TCdaeKR64
985716904034750464,"#DSA2018 (@ MITEC Malaysia International Trade &amp; Exhibition Centre in Kuala Lumpur, Federal Territory of Kuala Lump‚Ä¶ https://t.co/fbt5UMaoIr"
986221168167288833,We were discussing your new view that Australia should ‚Äúphase out the live sheep export trade‚Äù - something Labor ne‚Ä¶ https://t.co/HsJSJqeOhw
982927735432462337,"Any person who watched 60 minutes expose on the live export trade must be sick to their stomach's,could not not bel‚Ä¶ https://t.co/qVSZf5vqmd"
985087808401387522,"Barnaby, you sir are a joke as is was your governance of the live export trade and I hope in the fullness of time y‚Ä¶ https://t.co/4mUpfsrqm2"
983671757801275392,.@Simon_Breheny on live export trade: 'The supply chain is relatively complex but at every stage you want to make s‚Ä¶ https://t.co/E4gSpbNcvb
983116547441897472,@RNBreakfast You HAVE TO follow up RELENTLESSLY the story Fran talked to Lyn White @AnimalsAus about sickening crue‚Ä¶ https://t.co/nvLcNWc1aS
984458622775234561,"By guaranteeing the quality of Malaysian products, Standards Malaysia is enabling our economy to continue to grow t‚Ä¶ https://t.co/tPKTNcQEh7"
984976649937539072,Israel‚Äôs first lady Sara Netanyahu 'appalled' by Australia's live export trade https://t.co/gisvBRL7xT
984045070734127104,"@justliveexports Only cold, hard, uncaring people would send their animals into the live export trade ! Many farmer‚Ä¶ https://t.co/mcxhv92N0f"
983011963373608960,@sirboring_26 @SiphNdlovu Trump only asked 4a fair or equal trade -open yo eyes look closer RSA import lot mo from‚Ä¶ https://t.co/FjYpJWhwB1
984642682831044610,#ComVec18 sponsor Findlay Import &amp; Trade launching a new product. Great to see!! #trucking #innovation  https://t.co/NVYBhED3JO
982956665073881089,"As US and China trade tariff barbs, others scoop up US soybeans https://t.co/8AtxMaqEbV https://t.co/8aQ2Ne3Fcp"
983178023716319232,SIGN HERE: End the horrific live export trade of sheep https://t.co/pNHyG3Othk v/ @AnimalsAus
984566300109189120,"@D_LittleproudMP We have known about the horrific cruelty for decades, the Coalition support it, and they ignore th‚Ä¶ https://t.co/M9ndwz9Ewy"
985303622886998016,"""...international economic order needs to function as a cooperative game, in which each participant commits to free‚Ä¶ https://t.co/gWPKUQDBJ5"
984342164871069696,"Israel‚Äôs first lady Sara Netanyahu 'appalled' by Australia's live export trade

#auspol https://t.co/qKOXI3YFmC"
983694838624219136,The Guardian's @AmyRemeikis on trade wars: China is playing a long game. They are looking at the world stage and po‚Ä¶ https://t.co/sHKMJgA8WV
986280622485266433,Platform Export Online is created to solve the existing problems and difficulties of exporters associated with the‚Ä¶ https://t.co/UY22DA8HyB
983635578989166592,@chriskkenny @JanMareeSmith2 It's highly likely that the trade spats will produce a trade agreement in which China‚Ä¶ https://t.co/KWXLtcc3Qu
983929765579993088,@BjornKHaugland Like er curbing international trade?  Do we really need European olives in Oz?  WE have enough to choke on.
985909832392699911,AMERICAN DURIANS: There is a #durian farmer in Puerto Rico by the name of Ian Crown. (Btw durians aren't exported o‚Ä¶ https://t.co/u2R5HUJs9f
984572901507514369,"The U.S. and China will harm their own economies by escalating the trade spat between them, Indonesian Finance Mini‚Ä¶ https://t.co/6ZZZABum2M"
984638156250136584,Dep minister @mmagierowski met with Indonesian foreign minister Retno Marsudi in Jakarta. Talks on bilateral cooper‚Ä¶ https://t.co/DIM9YNTA00
984947455362908165,The biggest effect of the LNP being voted in the last two elections has been lack of regulatory control. We have la‚Ä¶ https://t.co/bqm4NvhRIq
983249278679134208,@Protect_Wldlife @rickygervais See repulsive whistleblower footage of Live Trade export bastards Emmanuel who have‚Ä¶ https://t.co/l3l4XyauGQ
983922524760096775,Live export trade: We can no longer say: 'We did not know' https://t.co/yBUsC6x3h6 via @theage
985778060246110208,"As it has been defined earlier, a short term Forex trader with a #Forex_broker_in_Australia is one who within a tra‚Ä¶ https://t.co/wGwkcxJQLZ"
983468581949091840,.@SimonWestaway1 inspiring absolutely no confidence that things will change in the live export trade. #rnbreakfast @RNBreakfast
984017728641093633,"TURN THE  EXCITEMENT OVEN UP TO RED HOT, WE'RE OFF TO SINGAPORE!

The biggest international food and hospitality tr‚Ä¶ https://t.co/dzLKwTDecB"
983136157000122368,"China could release a plan in response to US‚Äôs $100 billion tariffs, adding volatility to the Yuan, says Currency A‚Ä¶ https://t.co/a66Z9R8LG2"
982931213353545728,"I just watched ""60 Minutes"". It's high time that the live export industry went the way of the slave trade, the ivor‚Ä¶ https://t.co/VgbTuYAWG8"
985718299160752128,"Allan Chou is up next! Marketing, Innovation and advertising guru @china_australia @WeAreSaatchi #innovation‚Ä¶ https://t.co/LLttUCxlp8"
985840433342439424,"Full-house for @GELN_UniMelb presentation by @mercuriobryan on ""G-Zero World and Trade: A Return to Bilateralism an‚Ä¶ https://t.co/mQhFKIXuRa"
982935540575043584,@tiellover @Sapphireskyco @Change This is the link we had. We can no longer sign at that link - presumably a cookie‚Ä¶ https://t.co/UFhJNdFdix
983684420497391617,"@Ninecomau @Ban_Live_Export Good, let them go back to paddocks. Stop live trade."
983912424796385285,"Jumpa kami di Jelajah Jualan Perumahan Edisi Negeri Melaka pada 12 -16 April 2018, Kaunter Mesra Pelanggan di buka‚Ä¶ https://t.co/4akKjkL9b7"
985348828768256001,"Shut down the Live Export Trade, and prosecute Emanuel Exporters. NO BAN NO VOTE. The Coalition has lost all credib‚Ä¶ https://t.co/eCSob3ctBC"
986203882698162176,@cattlecouncilau @meatlivestock @AustLiveExports @livecorp_ @redmeatcouncil I wonder if they want their photos made‚Ä¶ https://t.co/w1If004DkE
984271729643012097,"https://t.co/3gGwIvc6Mv If one sees YUAN ,its really YEN -YUAN and note more the 100 yen to the US$! Tardy is US Im‚Ä¶ https://t.co/IeOUfOv8Zv"
984615463140212737,"Kami berada diMelaka bagi Ekspo Jualan Perumahan Edisi Negeri Melaka pada 12 -16 April 2018, Kaunter Mesra Pelangga‚Ä¶ https://t.co/x1WOGQqh8j"
983917635007115264,Austrade will be holding a Free Trade Agreements Information Seminar on the Gold Coast on 20 April. If you are an e‚Ä¶ https://t.co/D2Do7Yjmwe
984055911701360640,@usatoday @BBCNews @60mins While the Australian Govt &amp; live export industry have talked all week about improving an‚Ä¶ https://t.co/wMNloVLyBW
982686978004213762,"An escalating trade fight between the two countries would result in 'a little pain' for the US economy. #9News
https://t.co/wa3564PQvp"
982742213921615872,The fair was attended by the Malaysian Minister for Trade and International Relations Tok Pa. Thanks so much for co‚Ä¶ https://t.co/FD5pkLB2Jd
986111213917560833,"Dotty‚Äôs at Hall 2, Malaysia International Trade &amp; Exhibition Centre (MITEC) for #DSA2018 #NATSECASIA2018 https://t.co/fQCPurB7k3"
983164879556100096,Join us for this public event in #Invercargill with Minister for Trade and Export Growth @DavidParkerMP to learn mo‚Ä¶ https://t.co/olV4WvNMI7
984405150390300672,But is fine with the condition of Palestinians under Israeli occupation  https://t.co/3jSAgR3EaF
983273646536802304,"@tanya_plibersek @AnimalsAus We mustn't refuse with our eyes what they endure with their bodies and minds, and your‚Ä¶ https://t.co/AugwqzpxOk"
984660225704669184,International Trade union Corporation (ITUC) has created a website to facilitate people check on the quality of the‚Ä¶ https://t.co/0AUGtUBXul
984595381219508225,"@realDonaldTrump thanks trump‚Äôs trade war, right now China promise all the medicine for cancer will be ZERO tariff,‚Ä¶ https://t.co/hDH8hrJKaT"
982975869411971072,SIGN HERE: End sheep ship terror NOW https://t.co/ycJbhzlSE3 v/ @AnimalsAuthi. This damn cruel trade should end. Th‚Ä¶ https://t.co/cUWou5dmlq
983137931727593472,Bill Shorten slams the ‚Äúnational disgrace‚Äù of the live export trade. ‚ÄúAnimal welfare has gone backwards in the five‚Ä¶ https://t.co/n8dc6v8x7g
983987554264502272,"If you missed Minister Champagne's @FP_Champagne remarks at our 4th CABC Business Forum, read his keynote address o‚Ä¶ https://t.co/SpPuQu4c45"
982919912841560072,Must watch TV from @60Mins ! Absolutely disgraceful conduct from @AustLiveExports - the Australian Government must‚Ä¶ https://t.co/j4YOjMY2Dk
985404329065623552,"Macam dah terjumpa jodoh la kat sini (@ MITEC Malaysia International Trade &amp; Exhibition Centre in Kuala Lumpur, Fed‚Ä¶ https://t.co/ytxiZ76CXM"
983573566259126272,"Malaysia International Trade and Exhibition Centre (MITEC)
.
Install 2 unit dorm CCTV 
.
setting remote view
.
#MekanikCCTV
#FDYGLOBAL"
984405012083167233,@GuardianAus Aaaahahahaha looking for another way to starve the arabs eh. The live export trade is an utter disgrac‚Ä¶ https://t.co/x5aNRjIFY2
983895142083055616,@mongijedma @Free_World1981 @stopadani @StopadaniGC Adani representatives have met with federal Trade Minister Stev‚Ä¶ https://t.co/PzfQ7fPmoo
983084521326239744,@AustBusinessNet @Andrew_Morton70 @chrisamason @WilkieMP The export trade in general is certainly worth investigati‚Ä¶ https://t.co/sYZ1cFWzGW
983141804265562112,TIME! Yes it is TIME to BAN the Export Animal Trade. There can be NO further BULLSHIT about why it should prevail.‚Ä¶ https://t.co/WJN08R2z7U
982641676865982464,"An escalating trade fight between the two countries would result in 'a little pain' for the US economy. #9News
https://t.co/e7EffZ6Tz8"
983176828771708928,Sorry to say those things involved in live export trade don‚Äôt give a damn about the animals ‚Äòwelfare‚Äô only money. L‚Ä¶ https://t.co/hvr1Sd5dtT
983311067588706304,"So there is outrage over the way sheep are treated in the live export trade, it is no wonder the media are banned f‚Ä¶ https://t.co/OB54wHU1tu"
983459582876958720,"@William_Bourke @smh You still don't get the need to focus on trade William!
EA migrant is a subsidised subsidy to‚Ä¶ https://t.co/CjBZcSFNe8"
983978883413356546,Australian greyhounds going to China &amp;Macau was a deeply shameful trade in misery and death &amp;I intend to expose eve‚Ä¶ https://t.co/2c5x2mfAqY
983507621314314240,@60Mins Such a kind hearted brave young man Australia citizens thank you! For exposing this horrific industry Gov i‚Ä¶ https://t.co/YWPJYGM5Cu
986037295647113216,"Well Tanyan, this has been going on for years. You criticise him on this, but what about the cruel trade of Live Ex‚Ä¶ https://t.co/tD5kJosBa0"
983683540545028096,"@Ziegmond_Void @ssanjaye @nytimes I believed that until yesterday, when a NZ'er presented me with the fact that the‚Ä¶ https://t.co/5xz2YJR1Jh"
982619098352939009,"An escalating trade fight between the two countries would result in 'a little pain' for the US economy. #9News
https://t.co/9IJVswG6AE"
984200143434993665,Live export trade ruthlessly disregards animal welfare: Animals Australia  | Sky News Australia https://t.co/rzhzHqAxK9
982982251636932608,"Sign to help end this horrific trade! üêë

https://t.co/Qi5OuLgowD"
983078351630987264,"#BIONIC - We are at the dawn of a standard for 
#smart #legal #contracts using #blockchain that will transform the‚Ä¶ https://t.co/VS5FZnJt65"
986062802069602304,Australia‚Äôs participation in the Live Export Trade is a premeditated act of horrific cruelty and terrorism that all‚Ä¶ https://t.co/R1IHuBuGEy
984220162663460864,"@AustLiveExports With all the recent revelations of cruelty in the live export trade, it is impossible to believe a‚Ä¶ https://t.co/TS9Yw3rV8z"
983500336189980672,If you‚Äôre against the live export trade then you should be against factory farming in Australia. Same awful conditi‚Ä¶ https://t.co/A3ESbWSzxH
986155472376954881,#DSA2018 ‚Äî attending DSA 2018 at Malaysia International Trade and Exhibition Centre https://t.co/6FjGSOOzAS
983673865493712896,Xi Says China To Lower Trade Barriers As Beijing Files WTO Complaint Against U.S. - https://t.co/R74g3XzLgJ
983425046705139712,"@fitzhunter C,MON Labour us Australians are urgently asking you to push the immediate end to the barbaric live expo‚Ä¶ https://t.co/NiSxzC6Qgm"
985432441941831680,"Budget deficit with budget! Glooming history, a delightful present

 2 Vaishakh, Kathmandu. Listen can not be credi‚Ä¶ https://t.co/b4bK4OarjJ"
984411829492375553,Israel‚Äôs first lady Sara Netanyahu 'appalled' by Australia's live export trade https://t.co/SgqSqGdMTB
983933218096275456,@HumanHeadline @PCKJ3627 @ChangeAus Wouldn‚Äôt  banning the live export trade create more jobs as we would need more‚Ä¶ https://t.co/sdfavecGR9
983238791337951232,"Dubes Soemadi shared to #sesdilu60 about the trends in international trade: from tariff reduction to market access,‚Ä¶ https://t.co/C3Q3dax6lO"
984011601538842627,@strategiskakmat ‚Ä¢ Kind of International Trade and etc?
984337918687821824,@VernVerass 2/ the ILLEGAL seizure of atolls bordering Phillipines Vietnam etc in International Waters plus the Dev‚Ä¶ https://t.co/7jv4cY5oKl
983241964429561858,"As the Senate Select Committee on Animal Welfare said in 1985, the live export trade is ‚Äúinimical to good animal we‚Ä¶ https://t.co/Yme9GeTPaH"
985822768183721986,This is an important tweet by a significant China scholar. This movement can be seen in the shift in trade and inve‚Ä¶ https://t.co/GQN4FzTvjE
986013930911707137,"WA animal cruelty case could render the live export trade unprofitable ""there obviously has to be a very significan‚Ä¶ https://t.co/1cTzswhHcC"
983971263222759424,@AnimalsAus Mahatma Gandhi once said: ‚ÄúThe true measure of any society can be found in how it treats its most vulne‚Ä¶ https://t.co/dxHbhB2Pwd
985387960479637504,"‚ÄúWhatever the industry says to explain each incident and to attest that things are changing, the long history of th‚Ä¶ https://t.co/9iLD2btFwA"
984612241600282624,Event puspanita üòã (@ Melaka International Trade Centre (MITC) in Melaka) https://t.co/kymXCoF4WE
986025314579922944,It looks like reality is catching up with the live animal export trade.  https://t.co/4IoqGniM7v
983931525254103042,"‚Äúif the goal is to get the Chinese government to change its behavior, there is very little reason to think that pub‚Ä¶ https://t.co/F1inywxkaV"
984948432354787328,"Rally underway in #Hobart calling for the end to live exports

@WilkieMP 
‚ÄúI‚Äôm is beyond a doubt that there is a sy‚Ä¶ https://t.co/HtqxIjCVIp"
984879003407286272,@D_LittleproudMP Yet again you continue to promote and support cruelty you are not only letting these poor animals‚Ä¶ https://t.co/f33eqzGUVY
983470294915473408,"@IrelandsFarmers @ConnectsTina 2017-export ship carrying 64,000 sheep ran into hotter than usual weather &amp; 2,400 di‚Ä¶ https://t.co/BLJprsRYDV"
984396032036532224,China to remove tariffs on imported cancer drugs from May 1: state... https://t.co/i6TlDmNCW5 | Reuters: Health New‚Ä¶ https://t.co/8uvwMy7432
983108306376916992,Get on 774 this morning if you can for our say and put forward your opinion that the live export trade can‚Äôt be pro‚Ä¶ https://t.co/Sjq0oQMAkQ
985475334492573696,"The early-booking #discount for #GTREU expires next Friday, April 20! Make sure to book your ticket with code EBD10‚Ä¶ https://t.co/5z5zXkGoRr"
984603768011534337,"Informative session on FTA at #Austrade 
#FTAseminars #InternationalBusiness¬†#import¬†#export¬†#sydney¬†#global #tpp‚Ä¶ https://t.co/uQ9zTAupbk"
983621601554972672,@QuestionMoreAus @Mike_In_Tomago @surfbird03 @TurnbullMalcolm @SkyNewsAust This is now the second tweet in which yo‚Ä¶ https://t.co/D8Dbbfinub
986091886468325376,"DSA 2018 day 2 (@ MITEC Malaysia International Trade &amp; Exhibition Centre in Kuala Lumpur, Federal Territory of Kual‚Ä¶ https://t.co/JjV5LDjG5f"
984582186606178304,"If you want to engage in international #trade and have a commercial product or service ready for #export, then Smar‚Ä¶ https://t.co/z7U2sqxCRX"
984269810522406914,@fitzhunter @ABCGM Sorry not good enough people from overseas are now Boycotting Australia because of the live expo‚Ä¶ https://t.co/zGW0zze1HA
983381157923336192,"@nobby15 A start in the right direction but #AU should be value adding here in our country now, not some distant ti‚Ä¶ https://t.co/KtBlJyDKBx"
983571343898689536,"@60Mins Thankyou, thankyou, thankyou @60Mins for exposing the evil of the live export trade. Please continue to use‚Ä¶ https://t.co/mECOQXSRkI"
984007200984231937,"Animals should be humanely slaughtered in Australia where it can be monitored. Live Export trade is reckless, indif‚Ä¶ https://t.co/JhONotnfUZ"
983102732214120448,Warning: Disturbing images. Are you a sheep grazier? How do images such as these affect you? https://t.co/uckDYto3yX
984001744681275394,@TheEllenShow hi ellen we in Australia need your help to bring to light on the world stage our cruel live animal ex‚Ä¶ https://t.co/H4QFSkN56O
986250580858322944,"If you don‚Äôt think free trade is a good thing, wait till you see the alternative. 

https://t.co/bNvoe0f5Fo"
984242508233240576,"So @MichaelSukkarMP - you'd know the answer to this question straight away?
What % of the 80% work in Australia's i‚Ä¶ https://t.co/iiAnLq0Tzy"
985669234171699201,"""The recent re-election of President Xi Jinping is continuing to enhance this great era of development and growth -‚Ä¶ https://t.co/GoEPdjkbIZ"
986118787215831040,Defence Services Asia 2018 @ Malaysia International Trade and‚Ä¶ https://t.co/YHUSsFGr8B
983904525554626560,@JamesFallows on USA-CHN::https://t.co/EW2On2VrQW
985685331130441729,"Day 1 (@ MITEC Malaysia International Trade &amp; Exhibition Centre in Kuala Lumpur, Federal Territory of Kuala Lumpur) https://t.co/8FeX3JMh2o"
986103811226808320,@TurnbullMalcolm @MarisePayne END THE CRUELTY  GROW SOME BALLS END THE LIVE EXPORT TRADE NOW
983533015836983297,"@PeterDutton_MP So what % of your migrants Export @PeterDutton_MP ?
What effect does importing importers have on ou‚Ä¶ https://t.co/F3r3THQXUu"
984018397271937024,"Thanks for attending #GTRRUS on March 28, 2018! The post-event media kit is now available for download from the eve‚Ä¶ https://t.co/r2Y2TNDMCg"
982926989827817473,"@60Mins I struggle to watch this type of material, but it‚Äôs real and change needs to happen. The live export trade is barbaric."
983601805782171648,No @D_LittleproudMP the farmers who choose to send animals into the cruel live export trade are not the victims her‚Ä¶ https://t.co/WMK9kMMFet
982980443438858243,"More repulsive cruelty at the hands of the live export trade. Time to end this bullshit now !
Shocking live export‚Ä¶ https://t.co/814FlP1ZlK"
984927924133376000,"Does #Canavan even grasp the concept of International Trade?

#auspol #wanker https://t.co/Haz8BVjWiL"
985750895295070209,"In case you missed it, here is my @2GB873  interview on the shocking live sheep export trade with Lisa Chalk from‚Ä¶ https://t.co/A2oLC61mef"
986247605922488321,#Italy was #Azerbaijan`s largest export destination in Q1  https://t.co/KgdIyDtKYl  #trade #partner #economy #Export #market
984338546399109120,10 strategies for making better use of your international trade fair budget @gevme #tradeshow #cutcosts https://t.co/M96DuNdw7A
983185630975766528,"@billshortenmp Bill, ban live trade. It‚Äôs not going to go away. It‚Äôs never going to change for the animals and ther‚Ä¶ https://t.co/RhfL4qROFk"
985750035768987649,"I'm at MITEC Malaysia International Trade &amp; Exhibition Centre in Kuala Lumpur, Federal Territory of Kuala Lumpur https://t.co/V7Zy6t43Yp"
984213630525698048,https://t.co/itoQXy7LOc
983281927154094081,@RSPCA @abcsouthwestwa @abcmidwestwa @WAFarmers @TheNationalsWA @WAPastoralists @AustLiveExports @The_Nationals‚Ä¶ https://t.co/FrVQ0MjFVj
985705898801811457,attending DSA 2018 at Malaysia International Trade and Exhibition Centre https://t.co/jw0NesbTjv
986244980640567296,The Trade Export Promotion Agency would like to congratulate all the winners of the Saint Lucia Manufacturers Assoc‚Ä¶ https://t.co/e69bffpKYv
982922685876326400,Tonight's TV revelation of cruelty in the live export trade is beyond shocking. And the handwringing by the governm‚Ä¶ https://t.co/Wh5tipJojL
982786940469526529,#Australia be sure to watch @60Mins tonight as they expose the horrific live export trade here in Australia it will‚Ä¶ https://t.co/eiNfS3Nfq3
985987307583844352,"International trade felt to its natural course wo tariff, quotas or ristrictions"
983868336084697088,@916_stevo Around $2 billion or 2.4% of Australia's trade in services.  A strong effort from 1.6% of the Australian‚Ä¶ https://t.co/DAhWRbUlwq
983331619963621376,"‚Äú#Globalisation and international #trade have underpinned the growth and prosperity of many countries, including Si‚Ä¶ https://t.co/Irn9UBPO8h"
986130550376181761,@SkyNewsAust @DrCraigEmerson Littleproud has the chance to do what previous ministers of Ag did not. If he can succ‚Ä¶ https://t.co/2Impmdzqb1
985506781618102273,Glad our government has its priorities right a stupid ball tampering incident and the PM makes a statement yet tens‚Ä¶ https://t.co/o5WTnW7xgL
983088386461323266,"In retaliation to Trump‚Äôs steel and aluminium #tariff, China hits back with a levy on US food imports. See how Aust‚Ä¶ https://t.co/OoF6WKMJzI"
986139908422037504,Cuba teka dalam apa? @ Malaysia International Trade and Exhibition Centre https://t.co/N53icvtoeb
986012905098264576,"About fucking time!

Australia‚Äôs sheep and cattle farmers should prepare for a dramatic reduction in the live expor‚Ä¶ https://t.co/SQIMPufmTF"
982950162141134849,@AustLiveExports I call bullshit. Suspend all shipments until there has been a full independent review and heads ha‚Ä¶ https://t.co/J9B0kJbDdt
984652328367042560,SA-4.513. ACHMITTHOFFS EXPORT TRADE. ... https://t.co/aUlhehZlVn
982744374076366849,@realDonaldTrump USA's trade deficits with China $375 billion. USA imported $506 billion while China imported only‚Ä¶ https://t.co/MuQQ8AvRBn
984305628767236096,Meet Ashley Schmidt - he's a #TAFESA bakery lecturer &amp; newly-appointed Skills Competition Manager for WorldSkills I‚Ä¶ https://t.co/P3Yuw52ugg
985757803141742594,PNG and China approach free trade deal https://t.co/7t9CuwWHUx
983933662700781568,The Master of International and Development Economics will help you improve the impact of economic policies for tra‚Ä¶ https://t.co/grEQh3Ncun
983160213514534913,@NicPerpitch @abcperth A Ban in Australia wont stop global live export trade. It just hurts Australian farmers who‚Ä¶ https://t.co/WFy78Xxx8s
985442935687786496,"I'm at MITEC Malaysia International Trade &amp; Exhibition Centre in Kuala Lumpur, Federal Territory of Kuala Lumpur https://t.co/htSP1l9kqB"
984526476740460544,"#Israel's first lady to lobby #LucyTurnbull over Australia's 'awful' #liveexport trade

https://t.co/gLyCWFmTMf‚Ä¶ https://t.co/968oRzZSVB"
983608785129410560,"TAIPEI. Technologies. Tariffs. Talks. &amp; Toast. ""The Future Seminars"". June 7th. Melbourne. Register Now! Presented‚Ä¶ https://t.co/axkInrXhT2"
984194413839765505,#Trade2018 is currently underway as part of the GC2018 Commonwealth Games program of events. It is backed by TIQ's‚Ä¶ https://t.co/sb585yDMy5
983311238988906496,No Way @PerrettReport on Killing our Live Export Trade-  How about Animal Activists go To Drought Stricken farms &amp;‚Ä¶ https://t.co/OFVdNNvzNW
983288001177333760,It is time to stop the live export trade. If it means that farmers suffer so be it. I care about as much for their‚Ä¶ https://t.co/FnzIqBx8A1
985086578086166528,Very simplistic view on live export but it‚Äôs great to see the conversation around this trade being had. It‚Äôs imposs‚Ä¶ https://t.co/cU5zJCqB4j
984271866003992577,@thehill Can we trade this asshole to any other country for literally one box of anything they export? And his dick‚Ä¶ https://t.co/UEjZRX3aR1
983469605602693120,‚ÄúUS-China trade war gives Australia the unprecedented chance to expand its economic footprint in the geopolitical a‚Ä¶ https://t.co/ACuDYzxHQD
983934277925548033,"Mtg w/ @UweKaufmann Academic Program Director &amp; Lisa Hunt, Business Manager at @UniofAdelaide Institute of Internat‚Ä¶ https://t.co/p5s8epnWD1"
983950024882180096,"In 2016, 111,500 international students picked #QLD to study. Find out why https://t.co/pVekQ4YLmc #Trade2018‚Ä¶ https://t.co/Qw0jIkms10"
983158699798675456,NZ don't allow live export.more employment in their country..banning live exports will reduce shark attacks caused‚Ä¶ https://t.co/GiSYPuQBbY
983848396631916544,New Zealand is taking part in #CHOGM2018 in #London this month. The #Commonwealth has a key role in promoting democ‚Ä¶ https://t.co/HBOaGORYwx
984947455568568321,The biggest effect of the LNP being voted in the last two elections has been lack of regulatory control. We have la‚Ä¶ https://t.co/o0Q9RhnVFf
983000327241764865,"Yuan at Risk amid US-China Tariff Attacks, Multilateral Trade¬†Disputes https://t.co/d8zinLd3na https://t.co/4I2QM9nSGO"
983139429194727424,I think you‚Äôll find that there‚Äôs a lot more to this heavily edited footage from 60 Minutes regarding the live expor‚Ä¶ https://t.co/7BjmQvL8Ws
985665950283284480,"Meanwhile, to our north: https://t.co/MlG72hXtJC #PACERPlus"
985521521350336512,"I'm at MITEC Malaysia International Trade &amp; Exhibition Centre in Kuala Lumpur, Federal Territory of Kuala Lumpur w/‚Ä¶ https://t.co/MXeAziJBui"
984393536807120896,ACTUAL GRAPH FROM MY FRIENDS INTERNATIONAL TRADE LAW CLASS üòÇüòÇüòÇüòÇ graphic design is my passion meme https://t.co/wvLfZDmwq4
982837809672155136,"Codingatschools was at Bahtera Kelantan 2018. Thank you Dato‚Äô Sri Mustapa Bin Mohamed, Minister of International Tr‚Ä¶ https://t.co/H7FXOORluU"
983255725492367360,"Early detection of exotic disease dramatically reduces the impact &amp; increases likelihood of eradication, protecting‚Ä¶ https://t.co/fMeJRVp3u2"
983850994130862081,@Birmo u can have as many regs as u want for the live export trade but their useless if u dont enforce them @DavidBevanSA @abcadelaide
983216379691069441,@ljayes #newsday Cut the Cr@p - the answer she won't say is NO- they Want NO Live Export Trade!!! they Want Sheep F‚Ä¶ https://t.co/VduYx2BjhD
983660035434692609,"Amid the trade spat with the US, China's Xi announces plans for 
a more 'open' Chinese economy. My story from tonig‚Ä¶ https://t.co/qkEUzLdODn"
984308873392742400,"(Asia, Europe and Africa), Afghanistan, China, Iran, Gulf states and the Middle East

‚óô  CPEC (CHINA PAKISTAN ECONO‚Ä¶ https://t.co/SI3RYYQ7HI"
984750962907795456,I'm at Melaka International Trade Centre (MITC) in Melaka https://t.co/JibN99zfAU
983311545240240134,Outsiders Host @RossCameron4 on live export trade: We are going to play an important role in providing protein to A‚Ä¶ https://t.co/MxqpzX641D
986148192776523776,Defence Services Asia 2018 @ Malaysia International Trade and‚Ä¶ https://t.co/Trib7EWt1p
983085237155520512,I haven't watched the 60 minutes story in Live Export Trade as yet however that doesn't mean I won't support this c‚Ä¶ https://t.co/nMjZ2vp2Bm
983298593854439425,@keepkidsecure The FBI Director would have absolutely no role in an international mineral trade. No matter how made up it is.
983411729630543877,An international trade war is not something you just ‚Äòwing‚Äô. This President‚Äôs recklessness will end up costing Amer‚Ä¶ https://t.co/glKBfcugZJ
983294078300246022,"Funny how the media just babbles about a Trade War when one doesn't exist.
""When a car is sent to the United States‚Ä¶ https://t.co/qWT0fvkrbx"
985771805695590400,"The expo's 16th iteration, currently being held at the Malaysia International Trade and Exhibition Centre (MiTEC) h‚Ä¶ https://t.co/lqLNbeyax0"
986076433129852928,"Australia's Free Trade Agreements (FTAs) are influencing business activity, confidence, strategy, expansion plannin‚Ä¶ https://t.co/KVSc9fZf1j"
984588417726992384,@swansea_dst This is a great loss to the Institute of International Shipping and Trade Law at Swansea University. I‚Ä¶ https://t.co/xpX60MT6tU
985660124206280704,"@60Mins @TurnbullMalcolm @billshortenmp The industry body for the live export trade says their motto is ‚Äúno fear, n‚Ä¶ https://t.co/hhvv2h3zaO"
982752001720139776,"@JTM_YVA @realDonaldTrump Tariff action over America‚Äôs biggest importer ‚ÄòChina‚Äô and the risk of a trade war, yep he‚Äôs doing great üòÖ"
986077845909901318,"I'm at MITEC Malaysia International Trade &amp; Exhibition Centre in Kuala Lumpur, Federal Territory of Kuala Lumpur https://t.co/cfRRVyXKOG"
986112526776582144,@BBCNEWS @UK__News @USATODAY @rickygervais @TheEllenShow @portiaderossi  @KenToddBH   Want to know what really happ‚Ä¶ https://t.co/z9UaJ3gfye
984353939578474496,"...and I'm appalled by Israel's live Palestinian murdering trade so there you go.

https://t.co/aLWrTmalRM"
985776812322992128,"If you are horrified by what is happening in the live animal export trade, then please ring this number - 1800 234‚Ä¶ https://t.co/Es6rfuZ1L8"
986096668516016128,"Sudah singgah di DSA 2018 di Mitec ???
#DSA2018 #MITEC #BlooggersMedia ‚Äî at Malaysia International Trade and Exhibi‚Ä¶ https://t.co/lcUz2vQn0D"
983518095892406273,@D_LittleproudMP You‚Äôve done more in a few days than any others have done. Pls don‚Äôt let petty schoolboy politics (‚Ä¶ https://t.co/aJbSCFrm8R
984374361086820352,Good to see this eliciting condemnation. But also hard not to shake the sense that it‚Äôd be great if she was as both‚Ä¶ https://t.co/lUmzQL5ycd
986209474091388928,"Kuala Lumpur, 17 April 2018 - Timbalan Perdana Menteri merangkap Menteri Dalam Negeri, YAB Dato' Seri Dr. Ahmad Zah‚Ä¶ https://t.co/amZioGkbSp"
983637745443651585,"@Tim_Beshara Sorry but not quite true.
It's Libs against the political fallout from the exposure of cruelty to anim‚Ä¶ https://t.co/89TnAO7RtE"
984391634275086337,"Because this is a trade endemic with the most wretched misery and suffering, it has been thus d=for decades, and no‚Ä¶ https://t.co/ubp8pC6JTG"
983641958051561472,The immoral Live Export Transportations from Australia we must ban this dreadful trade has been allowed to go on fo‚Ä¶ https://t.co/qfTC94eVJP
983900957959507968,The Australian dollar is on the charge - https://t.co/irtk6LpvHN via @businessinsider
983577276817133570,@A_JParker Agree wholeheartedly! If there are losers in international trade there can't be any winners. Plenty of A‚Ä¶ https://t.co/qfpHh6vkmd
983645024008077312,The immoral Live Export Transportations from Australia we must ban this dreadful trade has been allowed to go on fo‚Ä¶ https://t.co/I8F2hlJt1I
983518662580563969,@D_LittleproudMP @60Mins Farmers change their business model to suit changing times. Dairy farmers have had to rece‚Ä¶ https://t.co/n8AJqSK1Ae
984441437205901314,"Press Release:
""UK Defence Secretary Williamson has announced today that HMS Albion has deployed to North East Asia‚Ä¶ https://t.co/vrVXwD94NN"
983190117622968320,Datang MITI nak jumpa Menteri. Menteri dah tak ada. Haha (@ Ministry of International Trade and Industry (MITI) -‚Ä¶ https://t.co/hOORGx2bcx
983914779801612288,"@RSPCA More like: 'Why are we facilitating a trade that's causing thousands of animals to suffer"". Our reputation i‚Ä¶ https://t.co/C6cIYzuY98"
984349026333048839,"I'm no fan of the Netanyahus, but this is good news. Israel‚Äôs first lady Sara Netanyahu 'appalled' by Australia's l‚Ä¶ https://t.co/XdmK7XCWbx"
982859553162317825,"Hidup BN. BN for Kelantan üí™üèª (@ MITEC Malaysia International Trade &amp; Exhibition Centre in Kuala Lumpur, Federal Ter‚Ä¶ https://t.co/yEkquDb8Zh"
984692917796143104,World Bank: Trade war is risk for export-led SE Asia https://t.co/JRgOYwLH2n
982825699521146882,"It's ok, @realDonaldTrump.  Nobody expected a person whose ""business"" experience amounts to selling overpriced apar‚Ä¶ https://t.co/Rc2eztgdAW"
984549797964144640,@michaelaval @Ban_Live_Export @HumanHeadline Time to end this mercilessly cruel method of trade and bring back meat‚Ä¶ https://t.co/0GZHbZMOyL
984824306298372096,Just posted a photo @ Malaysia International Trade and Exhibition‚Ä¶ https://t.co/Uui8jGtiI9
984528713491632128,https://t.co/m3gQomdWiG https://t.co/h8oIqzOPDM
982711365377769472,Live Export should be banned. There is no reason or excuse to support this unspeakably cruel trade. https://t.co/Gpz2u6bWCc
983219961924481024,@WAtoday This is an absolute disgrace. Ban the live export trade now! Enough is enough.
984456751222157312,#2018 #economy #global #international #news #trade #wordsbyfrank #world #WTOForecast https://t.co/wLLVJwV73R
985272530930814976,@redmeatcouncil @cattlecouncilau @AusLiveCorp @Aus_Meat_Ind @AustFeedlots @BeefFramework There is nothing honourabl‚Ä¶ https://t.co/I55nAd4mWy
982788572741808128,China's state media says U.S. tariff action will be defeated https://t.co/bS900NDEal
984209021308555265,Bloomberg has a wrap of the Centre's event yesterday with Peterson Institute for International Economics' @AdamPosen https://t.co/84ompwVKhI
983312612807995393,"disappointing view on the live export trade, not surprised this is your view when it comes to animal welfare orgs y‚Ä¶ https://t.co/YugPjHVbOG"
983871432131166209,"""This has been an issue for much longer than 50 years, but it‚Äôs now possible for outsiders ‚Äì including farmers, pol‚Ä¶ https://t.co/G3fkSzjD2W"
983219041652301826,Agriculture Minister's response today to the latest live export outrage is pathetic. A review and a hotline deliber‚Ä¶ https://t.co/KxiXedMZVc
984258505367404544,"#Breaking China says it has a detailed retaliation plan against US tariff threats, and would retaliate without a do‚Ä¶ https://t.co/HJ3lq0O5gZ"
986219057350242304,"I wonder which politicians, media commentators are in favour of Live Exports.They have their chance to speak up. An‚Ä¶ https://t.co/3VzRKTmBxq"
983660021354381314,Time to ditch the LIVE EXPORT TRADE. SIGN HERE ‚¨áÔ∏è‚¨áÔ∏è‚¨áÔ∏è‚¨áÔ∏è‚¨áÔ∏è https://t.co/lm4XeNrM2D
983515214975983616,@MichaelGaymick @TheTodayShow Michael the live export trade is tiny. There would be many more jobs in local process‚Ä¶ https://t.co/GEMuKSy64V
986068594369990656,"B41 (@ MITEC Malaysia International Trade &amp; Exhibition Centre in Kuala Lumpur, Federal Territory of Kuala Lumpur) https://t.co/jaktBvt5IW"
985598999242485760,@RCTrumpisbackII @a1MTarabichi @FoxNews No I mean what I said. You brining this what about nonsense with talking po‚Ä¶ https://t.co/Bx7Av2ickk
984345973764730880,She‚Äôs not appalled by her country‚Äôs apartheid system but this gets her reaction. Not to mention that there is a dom‚Ä¶ https://t.co/jYGbnei01r
985819781008850949,üòá @ Malaysia International Trade and Exhibition Centre https://t.co/mVX4S1Q0Ap
983594188238340096,"China's president offers US possible trade concessions https://t.co/1Sj8ff1ShB Not good enough Xi, Does not give yo‚Ä¶ https://t.co/3r0rvIcgxQ"
984391489949089792,"Because this is a trade endemic with the most wretched misery and suffering, it has been thus d=for decades, and no‚Ä¶ https://t.co/yWuCNtdiLf"
985783698258788352,"Fibo Power Expo - The world‚Äôs biggest trade show for fitness, wellness and health happened in Germany from 12 ‚Äì 15‚Ä¶ https://t.co/tsv76Tfydr"
983829331108511744,"Those who justify the barbaric live export trade, probably will be able to justify any abuse as long as there‚Äôs mon‚Ä¶ https://t.co/xYDO61yIRz"
985329803938156544,"work day 4 (@ MITEC Malaysia International Trade &amp; Exhibition Centre in Kuala Lumpur, Federal Territory of Kuala Lu‚Ä¶ https://t.co/EOzv4Z6dhM"
985060340667899905,"@i_luv_con_air @Farhan43882819 @Partisangirl of Russia with the NATO anti ballistic shield as they call it, the enc‚Ä¶ https://t.co/U3POtFYfnE"
983228764577386496,"The US retail sector &amp; consumer have benefitted, via little consumer good import price inflation, from China - an e‚Ä¶ https://t.co/HjHvwLUWmU"
983879588051697664,"‚ÄúWe have to keep asking, why are we doing this? Why are we going to these extraordinary lengths to facilitate a tra‚Ä¶ https://t.co/czPvvQAybv"
985741061619249153,SA wine industry are champions. Results are inüëç. Over the past 4 years @JayWeatherill exports and trade missions pr‚Ä¶ https://t.co/F9xocioX8q
984366643781382144,Israel‚Äôs first lady Sara Netanyahu 'appalled' by Australia's live export trade https://t.co/kL9UatVvZr? **NOTE: SHE‚Ä¶ https://t.co/z5j8R2sEJh
984257230642884608,"What is a #ProformaInvoice, how does it work with a #PurchaseOrder and other #ShippingDocuments in Global Trade?

W‚Ä¶ https://t.co/VHa3hSK1Cw"
985837486021554176,Let‚Äôs put a number next to the live export trade atrocity - a whooping 0.3%ü§¶üèº‚Äç‚ôÄÔ∏è https://t.co/qk9YNP4LZS
984701652560048128,@shaunwalters041 Pls check our site &amp; help Australian animals being exported live.. in the !most horrendously cruel‚Ä¶ https://t.co/XXSAHDqu0W
983611460713680896,Tim Dalton talks about shifts in global #sorghum consumption. China a major import but that may change with trade w‚Ä¶ https://t.co/1pw2qvLXy8
983672451023294470,Ban the horrific Live Export trade from Australia üá¶üá∫ SIGN HERE ‚úèÔ∏è‚úèÔ∏è‚úèÔ∏èhttps://t.co/lm4XeNrM2D
985597043543457793,@DrCraigEmerson @AnimalsAus @RSPCA The export trade is worthsaving but cleaning up the supply chain has to be bruta‚Ä¶ https://t.co/UHuKx97Voz
986111799765254144,@NajibRazak Y.B. DATO' SRI MUSTAPA BIN MOHAMED - Minister of International Trade and Industry @MITIMalaysia since 2‚Ä¶ https://t.co/ZlOmNKvDiH
985760815809785857,"secure investment with Guaranteed returns, Govt and GDA approved Projects in Gwadar.

Gwadar is located at the junc‚Ä¶ https://t.co/edoQDpgAvM"
985501709916037120,"@DrCraigEmerson @AnimalsAus @RSPCA Shooting the messenger, conspiracy theories over doctored footage, it was only a‚Ä¶ https://t.co/dnhu3kRjrW"
983093020332474373,Fears of a trade war since @realDonaldTrump announced tariffs on steel and aluminum imports more than a month ago h‚Ä¶ https://t.co/czouOqeNk9
985302252934983680,Taking a quick break from normal transmission to post this @PaulMurrayWA article about live sheep exports in WA. Ti‚Ä¶ https://t.co/8VxR0e0mxj
985718885264474112,"@realDonaldTrump Trump destroying science, the environment, education, health, national &amp; international relations,‚Ä¶ https://t.co/9zeOcUH9bn"
985827315019014144,"@southwin28 She trolled me first, so I called her out. Then she got all uppity. 
Obviously I hit a nerve when I cal‚Ä¶ https://t.co/3YcXq6APiC"
984688034317783040,#news #asia #world #business #Trade war backfire: Steel tariff shrapnel hits US farmers https://t.co/JOowqtD8CS
983195665386762240,@MikeDJeremy @pipcourtney @MsLisaHerbert @NationalFarmers Farmers who support Live Export aren‚Äôt in any way interes‚Ä¶ https://t.co/fXqtqBQq5v
985762677510160384,"WHAT'S HAPPENING IN THE REGION

PACIFIC/RADIO NEWZEALAND NEWS

PACIFIC PAPUA NEW GUINEA
PNG and China approach free‚Ä¶ https://t.co/lfHb9TODkp"
985778899022962688,Jadi tetamu US embassy ke pameran DSA 2018. Upload beberapa gambar senjata dulu. ‚Äì attending DSA 2018 at Malaysia I‚Ä¶ https://t.co/4CwgzecHGZ
983076427288363009,@ReclaimAnglesea @D_LittleproudMP @abcnews This truly is horrific - and suddenly caring about the live export trade‚Ä¶ https://t.co/pGAycKg9Eh
983977463654035456,"#EXPORTONLINE just published ‚ÄúProblems of International Trade. 
How B2BUT can solve it.‚Äù

@exportonlineico‚Ä¶ https://t.co/qEG3TAHenu"
984828607099846656,When our politicians on all sides get the balls to stand up to a few farmers and greedy export barons profiteering‚Ä¶ https://t.co/KoUD5l1lj5
985402801709694976,@AnimalsAus Tragic. horrific and scandalous litany of systematic and departmentally endorsed abuse that has NEVER b‚Ä¶ https://t.co/Z6z63VD9It
985274713600507904,@meatlivestock @LambEx2018 Does Elise Bowen's sheep end up suffering in the live animal export trade? And what does‚Ä¶ https://t.co/2yNp5ltd2Q
983866541228748801,"@crazyfarid Any spreads present reflect the international markets, so it varies. The margin in spread is minute com‚Ä¶ https://t.co/ld2zgwtrEg"
983663395944644613,Chinese President Xi Jinping promised on Tuesday to open the country's economy further and lower import tariffs on‚Ä¶ https://t.co/t50iXCa3B9
984616367021219840,#HTleadershipsummit.Sg DPM Tharman says calibrated opening up economy to global trade still remains essential for j‚Ä¶ https://t.co/kqtkjrWjIz
984349761766600704,"Doing a small part to signal the destructive effects of the proposed tariff barriers &amp; impending trade war ...
I en‚Ä¶ https://t.co/GnhxwKR5KC"
983082898701017089,@JeffLee2020 @catoletters @rhsibley @realDonaldTrump @POTUS 100% exactly correct! In the last 35yrs has there been‚Ä¶ https://t.co/LZyDmmIQQi
983187572623986688,We are not on the verge of #TradeWars. #Trump Admin already in #Trade war against global trading system with unilat‚Ä¶ https://t.co/KVuKUDzELD
983808340798029824,"#liveexport #StopLiveTransport send politicians, and those profiting from live export, on the ships! Stop this barbarous trade!"
983517229118439425,"Elephant ivory, tiger teeth and rhino horns are widely available for sale on #Facebook, despite pledges from social‚Ä¶ https://t.co/X8LHU12YzW"
986255438298603520,"#Liveexport review terms released as #trade continues
MINISTER for Agriculture #DavidLittleproud has announced term‚Ä¶ https://t.co/somMDvjKXl"
984307629957828608,The Gwadar port holds great strategic and economic significance for Pakistan and Business Investors. It is located‚Ä¶ https://t.co/vAoepG0AyI
985218657075769346,"We can make 150-500 pips daily with this system. We trade many pairs: EURUSD, USDJPY, GBPUSD, GOLD, etc. #Gold #Forex #Export #ForexEA #FX"
984918516200423424,Technology and international trade: The digitisation of trade‚Äôs paper trail may be at hand https://t.co/p9CjSDwTlZ via @TheEconomist
982948916348911616,@WilkieMP Thank you for continuing to speak out against this barbaric trade. Cruelty is an inherent part of live an‚Ä¶ https://t.co/VaowWWDgWB
985348633997357056,@mavsmum @antfarmer @Barnaby_Joyce Always knew that Barnaby Joyce was an evil corrupt man who covered up the barbar‚Ä¶ https://t.co/guArJkSEYD
985655040860872705,Netanyahu expressing concern about cruelty to animals caught up in the live export trade seems... incongruous https://t.co/XN9Kbp4h0u
983515455598936064,Live trade is unethical and cannot continue.  TAKE ACTION: https://t.co/Z4afehYTli v/ @AnimalsAus
985721715383848962,"DSA 2018 day 1 (@ MITEC Malaysia International Trade &amp; Exhibition Centre in Kuala Lumpur, Federal Territory of Kual‚Ä¶ https://t.co/cP11BItU9d"
983292767924191232,"Emanuel Export dirs Graham &amp; Nick Daws and Vet David Speers should be banished overseas, travelling on their animal‚Ä¶ https://t.co/R5PNI0fByr"
983176014854406144,"i just watched a video about the extreme, routine suffering of sheep on live export ships, rendering the trade effe‚Ä¶ https://t.co/MehiqLAReo"
985017617269362688,I'm at Melaka International Trade Centre (MITC) in Melaka https://t.co/EiwpcoWkXv
984672943169929217,Trade war backfire: Steel tariff shrapnel hits US farmers https://t.co/yS1JVGvQRM https://t.co/5lD2REpdT1
986145781655613440,2400 sheep died on a ship after leaving Perth. Time and again the cruelty of the live export trade has been proven.‚Ä¶ https://t.co/073tBR5cCV
984654366819794944,Israel‚Äôs first lady Sara Netanyahu 'appalled' by Australia's live export trade https://t.co/d8CKaX7NP9
983527462662369281,"""It is highly unusual to imagine a young man leaving his home city of Hong Kong, one of the world‚Äôs most dense that‚Ä¶ https://t.co/J46TKOOqon"
984210945038848002,"Please sign the RSPCA letter to David Littleproud. (Minister of Agriculture)
This horrendous trade must be stopped! https://t.co/JrjZ0GFD76"
983286388840841217,"@stationmum101 @Farmer_Dave999 @D_LittleproudMP @60Mins Fact is that the live export trade, in its entirety, is a c‚Ä¶ https://t.co/akiU7C6oqw"
983268223771553792,@HumanHeadline @HoolyMcg @Chris_Hoare @Perth_Today @ChangeAus Simply shows that you don‚Äôt understand the market dyn‚Ä¶ https://t.co/0wzBrQRLWn
985875299786145792,@AnimalsAus I and many others have been traumatised from being exposed to images  and news about the cruelty of Liv‚Ä¶ https://t.co/Ak3r87Q6Pw
982916764093698049,Do I believe in the live trade export?No!!!....It‚Äôs brutal &amp; must be stopped immediately.#60 minutes Ian
986186936430809088,"Sebelum berperang kita kita bersiap sedia.
#kitapilihbiru #dsa2018 ‚Äî attending DSA 2018 at Malaysia International T‚Ä¶ https://t.co/atMoaEbkwF"
983935728307466240,"@William_Bourke There's Nothing Sustainable about Cities/Metro Areas that Import more than they Export
It is the ro‚Ä¶ https://t.co/3gonrEb74v"
983451893803487232,"@HumanHeadline @FatherBob @ChangeAus Whywaste your time
Live export traders are one of the Nationals biggest donors‚Ä¶ https://t.co/KuqVZUvlSM"
983293422692896770,Last week I had the opportunity to showcase Spring &amp; Grove to international buyers at the¬†Commonwealth Games Food B‚Ä¶ https://t.co/vNbRfzC7MF
986103842642190336,@dingleburnjack @DrCraigEmerson @AnimalsAus Let's put the #livesheeptrade into perspective. Trade worth $250m Turnb‚Ä¶ https://t.co/raGCb6oLl9
985320215314493440,"@HelenErrington1 @MinhKular @barriecassidy Jobs to do what?
Import and sell things?
That all you got?
Thanks to‚Ä¶ https://t.co/jyRH5oxLRF"
984633008320737280,The whistleblower hotline for the live export trade is open for business https://t.co/qJQRavglcp
983126894299066369,"A Sidelight to the USA-China Trade War.

I have not attempted to verify this story ( the exemption of clothing impo‚Ä¶ https://t.co/73FiBeNbR6"
985792536827572224,"I'm at MITEC Malaysia International Trade &amp; Exhibition Centre in Kuala Lumpur, Federal Territory of Kuala Lumpur https://t.co/j3kfhpxlui"
985420455879303168,I'm at Melaka International Trade Centre (MITC) in Melaka https://t.co/obtZnatdsO
983122850377691136,@realDonaldTrump @marty386 He seems to be x-stock trader. Likes to bring volatility in the market for trade opportu‚Ä¶ https://t.co/xhT1nqVK2A
986076137204928512,"I'm at MITEC Malaysia International Trade &amp; Exhibition Centre in Kuala Lumpur, Federal Territory of Kuala Lumpur https://t.co/wRBTXfLGgN"
983850027628965889,‡§Ü‡§ú China chamber if international commerce ‡§≤‡•á ‡§Ü‡§Ø‡•ã‡§ú‡§®‡§æ ‡§ó‡§∞‡•á‡§ï‡•ã Belt and road trade and investment forum ‡§Æ‡§æ ‡§∏‡§π‡§≠‡§æ‡§ó‡•Ä ‡§π‡•Å‡§® Beijing ‡§ú‡§æ‡§Å‡§¶‡•à ‡•§
985722109665001475,"Trade Expo Indonesia are Indonesia's largest Business to Business trade event showcasing the best of Indonesia, the‚Ä¶ https://t.co/nPAgzoiNoR"
983332931648176128,"@sgra10 @iwantmynbn Impossible to ""keep interest"" with the current, narrow focus on name-calling &amp; newspolls. We ne‚Ä¶ https://t.co/TdDvz7qQdP"
986007940157984768,"@evankiljoy @dpfdpf @publicaddress The first point in the Committee's terms of reference was: ""hear views from trad‚Ä¶ https://t.co/7GzM3UEhnh"
986018396583157760,"Day 2 ha ha ha ha (@ MITEC Malaysia International Trade &amp; Exhibition Centre in Kuala Lumpur, Federal Territory of K‚Ä¶ https://t.co/ZA4h5XSXQg"
984711290273837056,Business coalition opposing White House plans to levy tariffs against Chinese goods has doubled to 107 trade groups https://t.co/tdnrPE2unk
982619789217619969,"Mama &amp; abah:
U know, US &amp; china tgh trade war sekarang ni. Chart kat wall street asyik merah je

Me:
US yg initiate‚Ä¶ https://t.co/GimFWx5xHM"
984590775399866368,Israel‚Äôs first lady Sara Netanyahu 'appalled' by Australia's live export trade https://t.co/TLabkxe04u
984268041297932288,"Industry 4.0 Intel Next Gen Manufacturer Conference 2018 Happening in Malaysia right now: ""Malaysian companies need‚Ä¶ https://t.co/eGKGod6ttL"
983247652211965953,#thedrum These companies that live export stock need to be hit where it hurts. Fine them substantially. Preferably‚Ä¶ https://t.co/rrxbcBkQ0H
983259780226596866,@tanya_plibersek ALP can push for a total ban. It‚Äôs never going to be humane for any animal.  NZ banned live export‚Ä¶ https://t.co/4Ans7BfyxA
983947099397083137,Sheep 'slowly cooked alive in harrowing conditions' on live export ships https://t.co/BMfyj2Mgvf
983900308232220672,"Baru-baru ini, PSM telah memulakan usaha melakar Piagam Rakyat Mengenai Perjanjian Perdagangan Antarabangsa (People‚Ä¶ https://t.co/ZfQqxTx0He"
983518253090684934,@Stay_young4now What is the logic behind this live animal export trade anyway? Is it really a market requirement or‚Ä¶ https://t.co/b7VhQnB4cM
984719440825733121,BREAKING : China Trade Balance (USD) (Mar) Kedai Trader membuka kesempatan dalam Bisnis dipasar Bursa International‚Ä¶ https://t.co/b7T4JumXs0
986047216123953154,Ketidakadilan durasi kerja di Indonesia adalah isu genting tapi sering terabaikan di negara ini. Riset dilansir Int‚Ä¶ https://t.co/pH6VJfwWG8
986076472103190528,@dingleburnjack @DrCraigEmerson @TrishKurralinga @AnimalsAus But the politicians who get favours from the live trad‚Ä¶ https://t.co/NbZTuxfGxK
983851567169204224,This is a must read for anyone interested in the implications of current US positioning within the international tr‚Ä¶ https://t.co/pqoy2DneUw
982875177636810752,"HIMSAK (@ MITEC Malaysia International Trade &amp; Exhibition Centre in Kuala Lumpur, Federal Territory of Kuala Lumpur) https://t.co/m61NyH1mQV"
986143813801512961,"Fibo Power Expo - The world‚Äôs biggest trade show for fitness, wellness and health happened in Germany from 12 ‚Äì 15‚Ä¶ https://t.co/gMm9RYaoyc"
983177490783862786,@AshGhebranious @bugwannostra #beetrooter said Australia voting ‚Äúyes‚Äù for same sex marriage would effect our live e‚Ä¶ https://t.co/CAFGtWOlwn
983221507747819520,.@AustLiveExports CEO Simon Westaway: we are 'not walking away' from ensuring there is no animal cruelty within the‚Ä¶ https://t.co/emrvAcDVlM
982925279315181571,Without this brave whistleblower Faisal it would be business as usual for the callous live export trade. There goes‚Ä¶ https://t.co/kpr4KdvIzz
983924351027130373,"#DidYouKnow that, according to the UN, full digitisation of trade paperwork could raise #AsiaPacific countries' exp‚Ä¶ https://t.co/U3Y4NTQ3iZ"
984544942625193984,@JohnHemmings2 you spout out your blowhole a lot for a man that‚Äôs never read the TPP trade agreement. We cede natio‚Ä¶ https://t.co/E4OEMjBD3M
982888240855371776,"As I had expected, China took the first step to file a complaint with the World Trade Organization over the tariff‚Ä¶ https://t.co/dKwGiaM3WM"
985991309490995200,@AustraliaPM at the same time as they jump in bed with the Military Industrial Complex..turning Australia into a ma‚Ä¶ https://t.co/HfTXEtHhDO
982739865992183809,"@TwitchyTeam @TomiLahren Let's talk facts, shall we? The tariffs imposed on Mexico have made them trade with nation‚Ä¶ https://t.co/n4AlEDEc0e"
985716817199968256,"@afsnsw Fiona, re live export trade, people assume Aussie farmers send animals to an agonising death on ships.‚Ä¶ https://t.co/FhvYDniBaZ"
983217850021117954,@andrewjgiles Andrew you must stop the live export trade! We've been exposing this for so long now but still thousa‚Ä¶ https://t.co/YEYpuIVhNf
985765284077232128,@TIAustralia These are great thank you! Do you have resources on international trade negotiations?
984299263705272320,"Greens Leader @RichardDiNatale: If you support the live-animal export trade, then you support animal cruelty.

MORE‚Ä¶ https://t.co/3UMrpECDKB"
984249823804215297,"Still think that international trade shows wipe out your budget? Let us change your mind. 
https://t.co/s2dFpRvrLd‚Ä¶ https://t.co/Q0EDwxnDMs"
982960493215154176,"As US and China trade tariff barbs, others scoop up US soybeans https://t.co/BStFs4HdfA #business"
983508103990661120,"Dallas Fed President Kaplan: Too early to judge effect tariff talk is having, don't think trade issues will be resolved quickly"
984262761260691456,"I'm at MITEC Malaysia International Trade &amp; Exhibition Centre in Kuala Lumpur, Federal Territory of Kuala Lumpur https://t.co/FohhZNXeMY"
984661836552323072,Israel‚Äôs first lady Sara Netanyahu 'appalled' by Australia's live export trade but over looks this‚Ä¶ https://t.co/RTrU1j4Twe
983523555487854592,International trade im readyyy
985711632192946177,PNG and China approach free trade deal https://t.co/aI2izdggZg
983306099058028544,@exportonlineico  The international trading platform is created to solve the existing problems and difficulties of‚Ä¶ https://t.co/OyLKRHiHqq
983275764291272704,@theprojecttv Yes 100% need to rethink Live export trade. Either we do not partake in it at all.  Or regulate: to b‚Ä¶ https://t.co/cax1Tr1YcY
984568468841385984,"DSA 2018 (16-19 Apr 2018) (@ MITEC Malaysia International Trade &amp; Exhibition Centre in Kuala Lumpur, Federal Territ‚Ä¶ https://t.co/h43fAWG5G9"
982920145239662592,@60Mins The government should hang their $250 million dollar animal export trade heads in shame &amp; the bloke that ma‚Ä¶ https://t.co/A8ztcMIiKh
985662862264754177,"#CantonFair2018 (China #Import &amp; #Export Fair) is the largest trade fair with the largest scale, the most complete‚Ä¶ https://t.co/UoLDgU1PiK"
983140477963722752,Sarapan pagi dulu guys. Biar kuat nanti kalau Hunting Barang ‚Äî di Yiwu International Trade City https://t.co/SKlG24ftZ7
982817490727206912,"I'm at MITEC Malaysia International Trade &amp; Exhibition Centre in Kuala Lumpur, Federal Territory of Kuala Lumpur https://t.co/xu1ML5TJ8N"
983514235178139648,"Are they to big to prosecute, the whole live export trade, from the producer to the top, even politically? https://t.co/vkKFsKIxxQ"
986096676908732416,"Defense Services Asia üí™üèº (@ MITEC Malaysia International Trade &amp; Exhibition Centre in Kuala Lumpur, Federal Territo‚Ä¶ https://t.co/aSrBd6BHB5"
984629439546798082,"FFS
Who gives a fuck?
Israel‚Äôs first lady Sara Netanyahu 'appalled' by Australia's live export trade https://t.co/rPOLK28VpY"
985850518001147912,"GTR Training: International Trade Finance Masterclass¬†will take place¬†on¬†May 23-24,¬†during¬†East Africa Trade &amp; Comm‚Ä¶ https://t.co/gXHPd6Y8s6"
983203053279920128,Live - right now - Minister Littleproud suggests jail time for Company Directors of live trade export companies. Pr‚Ä¶ https://t.co/QKpdXdguYS
984368625111805952,@TurnbullMalcolm  YOUR ZIONIST MATE BIBI'S WIFE IS APPALLED ABOUT THE LIVE EXPORT TRADE AND WANTS TO TALK TO LUCY A‚Ä¶ https://t.co/X5ODbbKc1Y
984344217974521856,Israel‚Äôs first lady Sara Netanyahu 'appalled' by Australia's live export trade https://t.co/YPZuZgtOi6
984609103505801216,"Cdn Deputy Finance Minister Paul Rachon suggests sound mngmt of financial systems, international governance, rules‚Ä¶ https://t.co/wMlAJdX0fS"
984652556084248576,Israel‚Äôs first lady Sara Netanyahu 'appalled' by Australia's live export trade https://t.co/y5lHh45gyu
985497178733928448,"I tokdxa friend I feel traumatised by abuse Live Export trade and recent images. Response was by friend ""Don't watc‚Ä¶ https://t.co/kzKpJqnWnr"
982716788541706240,Investors feared a trade war after Mayor Humdinger announced new tarrifs until they realized that Foggy Bottom's on‚Ä¶ https://t.co/SyyKOJbqz1
983538752801783808,What trade war? #tariff #TrumpUSA #MAGA #QAnon https://t.co/W0niIvkDeZ
985742441012760576,"I'm at MITEC Malaysia International Trade &amp; Exhibition Centre in Kuala Lumpur, Federal Territory of Kuala Lumpur https://t.co/jlFzbQnDxR"
984789455142666243,"A look at #Hainan, #China‚Äôs latest international free trade zone. The designation means foreign firms will have gre‚Ä¶ https://t.co/VZWAB5FgAC"
986127321374515201,"Small economy export growth continues to moderate after a very strong 2017, suggesting that the demand impulse is w‚Ä¶ https://t.co/hiogkcXSJS"
983215299297132544,#newsday @ljayes How many sheep in outback Australia are photographed dying at waterholes of Drought over time? No‚Ä¶ https://t.co/s0hQMT895d
983833284151984129,@Ban_Live_Export @DarrenWestMLC @TheNationalsWA @D_LittleproudMP @fitzhunter @Barnaby_Joyce You can only lay crimin‚Ä¶ https://t.co/KSRsgT3CQE
983641228460802049,The immoral Live Export Transportations from Australia we must ban this dreadful trade has been allowed to go on fo‚Ä¶ https://t.co/B4liwbhY2p
982776531960262664,"In Sparing Consumers Tariff Burden, Trump Hit Manufacturing https://t.co/Gswa9kQusX"
986120902017335296,Glad to hear that @theresa_may announced '#SheTrades which will offer Commonwealth-wide support to help countries b‚Ä¶ https://t.co/k8W6xExdpz
984374751538786304,"Trade war is risk for export-led Southeast Asia, World Bank says https://t.co/nw26jZxP4Y via @markets"
983160280501776385,"he United Nations tries to monitor the international drug trade, and  their estimates are on the order of $400 to $‚Ä¶ https://t.co/FW5P0Fh8bn"
983487326176272384,"@D_LittleproudMP @60Mins #60Mins was distressing to watch, but this is not new or shocking, just business as usual‚Ä¶ https://t.co/ALf3H9x4Nt"
985990624385024000,@RSPCA we are now being called extremists for being against the Live Export Trade I am deeply concerned for this fa‚Ä¶ https://t.co/Ogyk6BS965
982644744781221888,An escalating trade fight between the two countries would result in 'a little pain' for the US economy. 9News https://t.co/OOm0g7KAyQ
983838102497079297,PNG trade union says  wages stolen from low paid workers https://t.co/wwKoV4RQKl
983573955373162497,China needs to follow unrestrictive trade policies for imports if it wants to export its products without trade res‚Ä¶ https://t.co/P2EVadhOm0
984521537318473729,"International trade is often treated in politics and the media as an ""us against them"" proposition. In practice, tr‚Ä¶ https://t.co/dJg8btpRn5"
986097718341795841,"DSA2018 (@ MITEC Malaysia International Trade &amp; Exhibition Centre in Kuala Lumpur, Federal Territory of Kuala Lumpu‚Ä¶ https://t.co/ujOEKLtmyf"
983851296842108928,"Travel, import eksport, sports, factory, trade, motorsports, museum, gold, oil and gas, and etc... Only o1ne know everything"
983614955663446016,"On trade, I underlined the role of government in addresing trade barriers, both tariff and non tariff

Indonesia ha‚Ä¶ https://t.co/nxaafQ7sCj"
983815381075746816,"@PeteBrownBeer Over here in Australia the industry uses ""International Beer"" now instead of ""Imported"" as the big l‚Ä¶ https://t.co/yHvIsddSaK"
982994755603673090,In fact The Australian Federal Government injected $ 8.3 million in taxpayer dollars to ramp up #Saudi live export‚Ä¶ https://t.co/DcYUcyNadG
983082801506336769,"As U.S. and China trade tariff barbs, others scoop up U.S. soybeans https://t.co/sB6lgqJzYU"
983848371315027968,"Wouldn‚Äôt  banning the live export trade create more jobs as we would need more abattoirs, butchers packers and the‚Ä¶ https://t.co/Ljq9Jj44Fk"
984687058168852480,Trade war backfire: Steel tariff shrapnel hits US farmers https://t.co/onhiVt2bmp #business
984694026732421120,A visit to Mehana Brewing Hilo on Thursday convinced us. Happy to announce these awesome brews will be in Australia‚Ä¶ https://t.co/04hPx5vwU3
983600492436709376,US-China trade tensions - The Art of the Deal! Prof Bill Bailey gives his insider's take on the US-China trade tens‚Ä¶ https://t.co/y1RM3CEIXg
986163627865423872,"Indian imports surged while export growth was moderate, resulting in the widest merchandise trade deficit in five y‚Ä¶ https://t.co/zHO2aPrm0T"
985733390430175232,"A sad and, ashamedly for Australia, factually accurate cartoon about our #liveexport trade. | Hi kids, meet Bob - h‚Ä¶ https://t.co/UzJjuM7yxA"
982770352983035904,"Re barbaric live export trade, ‚ÄúThe famers livelyhood is on that ship‚Äù?!Minister for agriculture. There it is in a‚Ä¶ https://t.co/5scscWGACf"
983159245016150021,@abcperth @abcnews Will Joyce do his usual whinge about damaging the live export trade?
983568791786291205,.@D_LittleproudMP is doing a press conference with WA Farmers Association in Perth today talking about changes that‚Ä¶ https://t.co/z6Uuw7sfuk
982932643011444737,"@gedkearney Disgusted at seeing 60 minutes segment on live exports https://t.co/OETpq8T6au. 

According to the ABC,‚Ä¶ https://t.co/iPwne0ldgf"
983112739718512641,@frankelly08 Fran - You HAVE to follow up RELENTLESSLY this story of cruelty in the live animal export trade. Heari‚Ä¶ https://t.co/JPMQ6mfsNO
985616642204823552,https://t.co/9YKIaYLBJm
985328066737025024,Trade Minister @StevenCiobo says while Australia would welcome the US into a cross-Pacific international trade agre‚Ä¶ https://t.co/zEocer8shH
983175998358208513,@wpjenna They'd elected a President who campaigned on higher tariffs and trade penalties - why didn't they diversif‚Ä¶ https://t.co/WaWvNJPkKN
985616491314790400,"@RCTrumpisbackII @a1MTarabichi @FoxNews ""In an apparent admission that the U.S. can't win a tariff fight with  Chin‚Ä¶ https://t.co/nPNJKhirRJ"
984344930494570496,"Israel‚Äôs Sara Netanyahu 'appalled' by Australia's live export trade, but fine with the murder of Palestinians https://t.co/wXJM3LOJJp"
986265089169911808,Had wonderful meeting with Ministry of International Trade &amp;‚Ä¶ https://t.co/4WY6KRHDJs
