984326193498468353,@irl_tax_expert If the (mainly small) producers in NI suggest it raises a barrier to trade for their prime export m‚Ä¶ https://t.co/xDCdhwgDfs
985797552481230848,"#Meitheal2018 is @Failte_Ireland's biggest in-Ireland trade event, welcoming international buyers from around the w‚Ä¶ https://t.co/kGV8J9gvUn"
985873087022411776,"BM Steel Fabrications in Newry has won an ¬£800,000 contract with DAEL Telecomm in GB and Holland. Find out more abo‚Ä¶ https://t.co/OTRO6R3A92"
984691615066460160,FitzGerald Nurseries feature in International trade magazine Floriculture International https://t.co/TDp7pWP5ti
984075301427777536,"We had a fantastic visit from Graham Stuart MP, Minister for Investment, Department for International Trade and Bil‚Ä¶ https://t.co/yv3pwue5fl"
983586457326706688,"@ShannonAirport üëçgood work Joe,Niall &amp; Patrick -great news 4 international trade from the MidWest &amp; West #exports‚Ä¶ https://t.co/EPamujz0Xj"
983386968141725697,Donald Trump considering new $100bn tariff on Chinese goods as trade feud escalates https://t.co/cDzD4mCJvE
983683179813928960,@CultureNI Great opportunity for #NI #design agencies &amp; #architects. Dept for International Trade is running a comp‚Ä¶ https://t.co/1EMIJ4l96x
984075440586452992,"We had a fantastic visit from Graham Stuart MP, Minister for Investment, Department for International Trade and Bil‚Ä¶ https://t.co/KCV4ubl3s2"
986168864399593472,"@thia_hennessy Another piece of the picture, perhaps? China threatens 25% tariff on US beef exports https://t.co/UXmgTsx8bS"
983308892523331585,@SamuelMarcLowe @IPPR Not at all surprising. My experience is that the English regardless of how well educated or i‚Ä¶ https://t.co/Dpn0NiJlnw
982906006924603392,"International brands, innovative solutions, excellent workshops. The Tire Cologne is the new trade show for tyres,‚Ä¶ https://t.co/Ojv5681ZTu"
986117958027173889,"@Linfield_Fan @vivamjm Ireland will still be freely able to trade with UK if there's no deal, just with tariff &amp; no‚Ä¶ https://t.co/oiRulOH3VT"
983350219231375365,"Our American friends need to be reminded of the benefits of international trade says Augosto Santos Silva, Portugal‚Ä¶ https://t.co/RiH7lJ6Day"
983628811844640768,"- China's Xi struck a conciliatory tone and said that China would lower import tariffs on vehicles, encourage impor‚Ä¶ https://t.co/14UJZJ2AhN"
985189283987443712,@SybilleRompe @Roblev0 @Jim_Cornelius @GentlemanGeorge @BrianPix042 @Majeh19 @Big_Bad_John_4 @MilesBennett19‚Ä¶ https://t.co/gbsgMeLKJW
984413232214495233,@shackavan1 @HopeJohnw @EuroYokel @laurencehazlew1 @MaxMigliorato @stonesister7 @vivamjm @mightbnormal‚Ä¶ https://t.co/pmgTbXLoAY
986201042848272384,"Mastercard is delighted to announce that Michael Froman has joined our company as vice chairman and president, Stra‚Ä¶ https://t.co/othY2Ko7rF"
983358881425436674,New forum will be needed for devolved administrations to have input into international obligations and negotiations‚Ä¶ https://t.co/Q4rTki7xA6
984518752757846016,@RonnieTheFrog @ThomasEvansGB @BisgroveG @elmer19_john @fvvrapledge @Eddystone506 @aranaisbath @JWils60‚Ä¶ https://t.co/E0YyAImyZA
985979321130147842,"Ireland is one of the first countries to export beef to China from Monaghan, Wexford and Donegal. This isn‚Äôt becaus‚Ä¶ https://t.co/SPBBH71miU"
986194461628813312,"An experienced exporter, Debbie has driven @healduk to operate on a global scale #Trade #Export‚Ä¶ https://t.co/NrPwUJVu0D"
983619370814443521,Over 30 companies have availed of Ireland West International Trade Centre (IWITC) in Rhode Island and have used the‚Ä¶ https://t.co/0dzXzujmVv
984948460553232384,"@Queer_Kara I HATE THAT

I see so many trans girls get the advice ""just order from Vanuatu"" like?? Not all countrie‚Ä¶ https://t.co/ZL7B7VJbM9"
984387598893355013,Delighted to have Minister of State for Trade and Export Promotion Baroness Fairhead CBE @tradegovuk speaking about‚Ä¶ https://t.co/jyfrDkPfcM
986113522340978688,#goodmorning #meitheal2018 Let‚Äôs get started &amp; introduce @galway2020 to the international tourism trade‚Ä¶ https://t.co/Vz69NV1sLM
984091385979600896,China is to open the country‚Äôs economy further and lower import tariffs on cars in an attempt to defuse an escalati‚Ä¶ https://t.co/kDbK0C9sru
985608755286020096,@Thunderbroad @Failte_Ireland @TourismIreland @MeithealIreland @causeyfarm @hooklighthouse @slanecastle‚Ä¶ https://t.co/0PNt14bsRm
984794333013598208,"""That helped turn Britain into the largest book exporter in the world, with total sales equivalent to $6.8 billion‚Ä¶ https://t.co/9DmVdYMyG2"
985161205265457153,@Roblev0 @Jim_Cornelius @GentlemanGeorge @BrianPix042 @SybilleRompe @Majeh19 @Big_Bad_John_4 @MilesBennett19‚Ä¶ https://t.co/ZoiEcnsIAn
983650814005833728,@ChukaUmunna @FrancesOGrady Maybe have a little talk with your Shadow International Trade Secretary guy then?
985538219428196353,"‚ÄòChina will set up an international free trade zone and port on the island of Hainan, state radio said on Friday, c‚Ä¶ https://t.co/XuMNw7SAAe"
984048398314692608,Great opportunity for #NI #design agencies &amp; #architects. The Dept for International Trade is running a competition‚Ä¶ https://t.co/CD6vTEEJKz
984775560529408005,"Getting out to trade shows, make contacts and build a rapport with your customers. They are all key to build your n‚Ä¶ https://t.co/nhb7a4Cc4D"
985167894525939712,More than 50 international buyers descend Kildare for massive trade week https://t.co/hkkFkVIjNa
983656829766045696,Great opportunity for #NI #design agencies &amp; #architects. The Dept for International Trade is running a competition‚Ä¶ https://t.co/OYZvd5rSn0
983457142576500736,Very Interesting article #immigrantentrepreneurs #entrepreneurship #international ‚ÄòEvery EU country is currently se‚Ä¶ https://t.co/B7iBMlGh0m
984075181693046785,"We had a fantastic visit from Graham Stuart MP, Minister for Investment, Department for International Trade and Bil‚Ä¶ https://t.co/mLq2yOnVHN"
982719390192930817,Studying how the world works to fix a balance of trade problem governments have to make their citizens poorer by in‚Ä¶ https://t.co/0FqPkIVm4X
983619371204571136,"Over 30 companies have availed of Ireland West International Trade Centre (IWITC), in Rhode Island and have used th‚Ä¶ https://t.co/z8AZfCdoH7"
984530608520073216,"""Visualizing How Vulnerable is Each State to a Trade War"" https://t.co/CybKL8sDm0"
982685185752883200,@k3books @VeraTensTXL @rocciabella It should be really easy to seal the free trade agreement with the Argies during‚Ä¶ https://t.co/v0ENOhDTQE
983393868170366976,"@crimesofbrits The Brit Establishment, they have no nationality, culture or honour - just like their international‚Ä¶ https://t.co/bMEbkpVAGH"
984017414957551618,Free info event on Thurs 12 April in Belfast @TitanicBelfast for #design agencies and #architects. Dept for Interna‚Ä¶ https://t.co/i08pQy91aN
982681257015414784,"Rather than an off-the-cuff trade policy statement or tweet, Trump's decision to up the ante is a clear and calcula‚Ä¶ https://t.co/tUinqWcowe"
984476031863148544,This is the Del-boy fallacy that free trade means being able to import and sell dodgy phone chargers that go on fir‚Ä¶ https://t.co/vXCXoaLXVk
984775792042434560,Are you an Irish business looking to expand into new markets? This month @DubCham will host a 1 day workshop on Int‚Ä¶ https://t.co/5vHP1SANyT
985194419136671744,@Dix_Lel @simongerman600 It‚Äôs imports according to my link. We import more from UK than US. We exports more to US.‚Ä¶ https://t.co/SNl1KleWny
986273556232359936,We are thrilled to arrive @CitywestHotel this evening ahead of a v.important day for us tomorrow @MeithealIreland!‚Ä¶ https://t.co/rSMfvaVnvL
983685496776876032,@BelfastHourNI Great opportunity for #NI #design agencies &amp; #architects. Dept for International Trade is running a‚Ä¶ https://t.co/fO0EuB0vwJ
986152359008129024,@brianbloop @prinnychants @gavreilly @Just_Clive @simoncoveney @MaryLouMcDonald This is a bit instructive for UK tr‚Ä¶ https://t.co/dyMbHyQzIS
982711698141401088,"@teddy_cat1 @LeftwardSwing Support for Iraq war - she didn't just vote for it she campaigned for it.
Support for fr‚Ä¶ https://t.co/aw4uI948ty"
986285833715109888,"World trade system in danger of being torn apart, warns IMF https://t.co/EwOtUfjX0S"
985079758185795584,@Jim_Cornelius @shackavan1 @Bruce83692351 @EngPatriot @PatonGordon @benjamat10 @thatginamiller @FinancialTimes Inde‚Ä¶ https://t.co/sVYwbI2eWt
985815972828340224,This decision represents a powerful endorsement of Slaney Foods International  and indeed Ireland‚Äôs high standards‚Ä¶ https://t.co/PEVT7RIgIR
985918188071325696,#Meitheal2018 team ready from @galway2020 #galway2020 @MeithealIreland looking forward to meeting all the internati‚Ä¶ https://t.co/p6zcQbhfHg
984426905284866048,When is a good time to export asks Steve Murnaghan? Do you trade outside your county? Outside your province? Off th‚Ä¶ https://t.co/soMNRzWkxP
984018613811150848,"IMF chief optimistic on global growth, warns against trade protectionism
- ‚ÄòImport restrictions hurt everyone‚Äô, Chr‚Ä¶ https://t.co/XaCpkghbAl"
983422341572161537,Effectively the shadow trade secretary is saying the international peace treaty known as the Belfast Agreement will‚Ä¶ https://t.co/FuTE7AdGvR
984002174656172032,"@leemakiyama @SamuelMarcLowe Let's be clear... hating international duties is not enough to get them reduced.
Dutie‚Ä¶ https://t.co/4enjwRo7z5"
986172800900653056,@JurganSoubry @Vikingavfc @Davidmetroland @SybilleRompe @Charlie_uk45 @sheehyjr @Feroxbill1 @trickytreeg @dw2essex‚Ä¶ https://t.co/Z9dqIow7WG
984537766313807879,@TomAngst @RonnieTheFrog @ThomasEvansGB @BisgroveG @elmer19_john @fvvrapledge @Eddystone506 @aranaisbath @JWils60‚Ä¶ https://t.co/iUKT6lc9Ar
984070695129935877,"@RCorbettMEP @DarrenEwers Don‚Äôt forget how much you export into Ireland too especially from NI!

And unlike the UK‚Ä¶ https://t.co/JvACzYOxcR"
984428290390790144,"@Grady_Booch A simpler AI scheme would be -
1) Buy stock in companies heavily dependent on international trade
2) P‚Ä¶ https://t.co/FuWihOpAV0"
985841214615441408,https://t.co/fIetVetvBc
983708733728608256,"@CSPCouncillor @cpmcgonagle Ah, the economic genius who said ""it is hugely in the Republic of Ireland‚Äôs economic in‚Ä¶ https://t.co/nhW1TOHKsH"
986154931248918529,#17April as part of the international day of peasants struggle small farmers are protesting in Brussels against tra‚Ä¶ https://t.co/aVMlNhlO1w
984354161818046465,"Super photo opportunity, @iboudaoud with the Baroness Fairhead, Minister for Trade and Export Promotion and CEO Rob‚Ä¶ https://t.co/oSHfK7TsUR"
985098952805617665,@shackavan1 @Jim_Cornelius @Bruce83692351 @EngPatriot @PatonGordon @benjamat10 @thatginamiller @FinancialTimes The‚Ä¶ https://t.co/mU5g49qto1
985168702005043200,More than 50 international buyers descend Kildare for massive trade week https://t.co/tboP5wbHyK https://t.co/eh0u50LMG1
986172440547155968,@Vikingavfc @Davidmetroland @SybilleRompe @Charlie_uk45 @sheehyjr @Feroxbill1 @trickytreeg @dw2essex‚Ä¶ https://t.co/qsvsCg5iRY
982964643613368320,Escalating tensions between the United States and China have triggered a flurry of U.S. soybean purchases by Europe‚Ä¶ https://t.co/M8zBfhc6uf
