986167984501731328,UK PM May: Commonwealth should set the pace of international trade and respond to protectionism #CHOGM
986340150321012736,@Esethu_H @Nape_MM That‚Äôs why it‚Äôs important that we respond when and clarify the aims of what the broader pictures‚Ä¶ https://t.co/Gd3xMsJEcD
986256216375676929,.@BEEF_FINMARKETS Technical Take on: #MediclinicInternationalPLC #JSEMEI - https://t.co/HKJSWCauED @GT_247 @GTPB_ZA‚Ä¶ https://t.co/TyJLviTXEG
985223004383825923,"@PresidencyZA Mr President , we are planning to organise Africa International Trade Fair Event in May 2019 in Johan‚Ä¶ https://t.co/j8fezAsQRA"
984068019440799744,"Growth, Enterprise and Trade Minister @Min_Pedersen welcomes the Federal Minister of International Trade,‚Ä¶ https://t.co/2R8s8qDxRt"
983627367716458496,EXCLUSIVE: Deputy Director General for International Trade &amp; Economic Development @the_dti Xolelwa Mlumbi-Peter spo‚Ä¶ https://t.co/bRUsGKhIzb
982896228382814208,THIS year's 59th edition of the Zimbabwe International Trade Fair (ZITF) is the biggest‚Ä¶ https://t.co/avAMAlYKGJ
985932601910353921,"‚ÄúIn October, the UK government will host an international conference on the illegal wildlife trade...Commitments ma‚Ä¶ https://t.co/J1XWOENQf2"
986150396686106625,Select Committee on Trade and International Relations will receive briefing by the Broad‚ÄìBased Black Economic Empow‚Ä¶ https://t.co/q51F1XiCgy
986234033293185024,Mediclinic International PLC $JSEMEI - technical trade note. I am looking to buy Mediclinic International PLC (MEI)‚Ä¶ https://t.co/bzSXOKSTtK
984407966664273925,#COSATU affiliated trade unions are mobilizing for successful marches on International #WorkersDay on #May1......‚Ä¶ https://t.co/1liXvroQYF
984157534712942593,"Just completed my report and I gotta say, international trade is something I'm really interested in pursuing.. So m‚Ä¶ https://t.co/SvMdITCJY1"
984828002293964800,Trade war backfire: Steel tariff shrapnel hits U.S. farmers | Article [AMP] | Reuters https://t.co/3xRjePeQ56
982939989477593088,Xi Jinping will take center stage this week to defend China's trade from Donald Trump's barrage of tariff threats https://t.co/CMEAc2pmA7
983600512623931392,"Xi Jinping promised to lower import tariffs on products including cars, helping soothe investor jitters over an esc‚Ä¶ https://t.co/2pSERDb74x"
985812649958105090,@DubeLawrence batshele boss. Interesting debate on the common African currency. The issue of free trade is key to t‚Ä¶ https://t.co/wO2E2D0z9D
983234601719095296,The three day gathering of international investors community will be held at Dubai World Trade Centre. https://t.co/RRsVF55zn4
983621553345781760,UK Minister for International Trade @Greghands @NigelCaseyHC and @ewadesmith look forward to attending on behalf of‚Ä¶ https://t.co/7458jV7Jbk
985067395818586112,OhSoBright Director @BongiShangase together with @E3RInvestment Trade and Investment KZN in Mauritius doing market‚Ä¶ https://t.co/ljDMuysFT4
984488903993380866,UK s commitment to development with their new approach and they have pledged to be leader in free trade https://t.co/cdUz1hRPUw
984875152423956480,"@Purr_Cassette Nah not at moment, workong international trade and mining atm. Fashion is my qualification though and you g?"
984725070651297792,The rand edges firmer as China export surge eases trade war worries  https://t.co/e9RcNDg95M via @Moneyweb
985920758412185600,"Verdomde komplotdenkers. Wordt er doodziek van.

""IMF warns of ‚Äòdark clouds looming‚Äô as economic optimism ENDS""‚Ä¶ https://t.co/lPcJ7HqkYo"
984611677055447041,"Victory celebrations after ZIMBABWE INTERNATIONAL TRADE FAIR 2018 semi finals select, we made it through to the fin‚Ä¶ https://t.co/GF3Utltiv4"
984842726117081088,Trade war backfire: Steel tariff shrapnel hits U.S. farmers https://t.co/Grn8AiKvEl
983589856491311104,"China Xi's pledges new phase of opening up, to protect intellectual property rights of foreign companies &amp; increase‚Ä¶ https://t.co/HZBf8yKHrO"
985201197127782401,@WandileSihlobo We need to increase more africa trade so we can export more to african countries.
985568583483785218,It is the system of capitalism which is responsible in raping Africa thru illicit ‚Äì capital flight. GFI calculates‚Ä¶ https://t.co/3pS7oeet1n
985563638156218368,üîì Winnie Madikizela-Mandela‚Äôs death has laid bare a roaring international trade in counterfeit photographs implicat‚Ä¶ https://t.co/W9rIaaJliO
985928190647521281,"Customs ,facilitating trade import &amp; exports is the core business of major international countries tax is minimal component"
983290228294156288,"However ... ""The issue could dominate markets for the foreseeable future given the lengthy public discussion period‚Ä¶ https://t.co/CrXu1oVbcB"
983276898317987840,"INTERNATIONAL TRADE ADMINISTRATION COMMISSION OF SOUTH AFRICA (ITAC) IS HIRING
#HireAGraduate
#JobSeekersSA‚Ä¶ https://t.co/7TSdILe2VN"
985856528837234689,Calling Travel Trade attending WTM Africa 2018 this week at the Cape Town International Convention Centre (CTICC)‚Ä¶ https://t.co/NW9fnXhck6
983117576501907456,"As U.S. and China trade tariff barbs, others scoop up U.S. soybeans https://t.co/hP8hU18Q2o"
983340532406669313,EXCLUSIVE: Deputy Director General for International Trade &amp; Economic Development @the_dti Xolelwa Mlumbi-Peter spo‚Ä¶ https://t.co/kgLz6ccHmr
983604261517848576,"Xi Jinping promised to lower import tariffs on products including cars, helping soothe investor jitters over an esc‚Ä¶ https://t.co/UDfzlFUILy"
984722568283385857,"Much of international law was based on colonialism and the ""civilising mission"". Especially bilateral treaties and‚Ä¶ https://t.co/49gML1gJtt"
986245420379713537,@bayhaus #Zim needs business savvy Foreign Affairs &amp; International Trade &amp; Economic Planning Ministers. #SBMoyo &amp;‚Ä¶ https://t.co/Ur5DJ88dJE
984702199350681600,South Africa's rand edges firmer as China export surge eases trade war worries  - https://t.co/J3yPvnBbM2
985803251974131712,"#ForeignNews: 

According to International Trade Statistics and forecasts by the World Trade Organisation, in 2018.‚Ä¶ https://t.co/uQG22G0mlX"
983259783540215808,Good luck to HACT's Paula Thomson who is off to Mauritius this week on an international trade and export expedition‚Ä¶ https://t.co/TfqozbTk9c
985892094400180226,@KickOffMagazine @Masandawana I agree with his sentiments our players need to ply their trade in the bigger leagues‚Ä¶ https://t.co/kMmFB1PmOv
984748657068081157,Trade war backfire: Steel tariff shrapnel hits U.S. farmers https://t.co/Dcf02PSMLR
984351175112888321,Calling Travel Trade attending WTM Africa next week at the Cape Town International Convention Centre (CTICC) we wou‚Ä¶ https://t.co/jM7Tr0zYLx
982672357268606976,"Regarding US vs. China, the steel tariff and soybean tariff back and forth are just skirmishes in much larger strug‚Ä¶ https://t.co/PR7FzEPQem"
985485641772421121,"Brussels mulls offer of trade deal to Trump, if he drops tariff threat https://t.co/7SI3y409Xw https://t.co/kF66cXF3mI"
986334652251197441,@Esethu_H @Nape_MM And I say this because it‚Äôs a popular narrative that wants to use inherent trade relations that‚Ä¶ https://t.co/h8r029DZLW
983690685210611712,"@ParkerMolloy International trade, apparently everyone on Twitter is an expert on that too."
986278052568162304,"@FloydShivambu Are you saying there will be no coexistence with old enemies, which would mean giving up 75% of our‚Ä¶ https://t.co/jiRVm1zqBk"
984120653547737088,Trump‚Äôs trade war with China is unwinnable https://t.co/W0DkWFPWsM
985839418845036544,UK Secretary of State for International Trade : Commonwealth must take a lead on trade at WTO
984469201132965888,"@RachelleTob @KkKakaza @XoliMngambi I'm sure they learnt the trade from Markus Jooste, Christo Wiese, KPMG, SAP &amp; o‚Ä¶ https://t.co/0ZDVRDAEiw"
984514438001639425,Increase import tarrifs??  Will to that encourage international trade?? #OneDayLeader6
986241922133086209,"The Minister of Foreign Affairs and International Trade, Dr Sibusiso Moyo together with the‚Ä¶ https://t.co/t1oPtqgc1t"
986235766270341120,Off and Away #OnTheMove #MEI #Trade @GT_247 Mediclinic International PLC JSE:MEI - technical trade note https://t.co/DvmmDV93Vr
982855333851860992,Exports drive growth and create jobs . The OhSoBright export catalog for the @E3RInvestment Trade Mission to Maurit‚Ä¶ https://t.co/j8NSQu1IFu
984324790197604357,"#CapeTown is ready to welcome the world‚Äôs top tourism industry buyers, trade visitors and exhibitors to our city fo‚Ä¶ https://t.co/n5CuoEQYme"
984734282487947264,"[ICYMI] #WesgroTrade has helped facilitate R2,8 billion worth of export deals in the 2017/18 financial year. More t‚Ä¶ https://t.co/z8WApUsLXK"
985796458988425216,The Congress of South African Trade Unions (Cosatu) will present its outright rejection of Eskom‚Äôs ‚Äúridiculous‚Äù 30%‚Ä¶ https://t.co/ZMJ0BVCzLI
986162057329463296,"@lunchout2 My first two preferences either:
1. Autshumao Cape Town International Airport. Very fitting considering‚Ä¶ https://t.co/F2OaFQr5Tu"
984393081389711362,".@ManUtd manager Jose Mourinho has been linked with moves for Shakhtar Donetsk's Fred andChelsea's Willian, but new‚Ä¶ https://t.co/gpSzsCGjUu"
984397325639569413,"Wesgro‚Äôs Trade Promotion Unit helped facilitate R2,8 billion in export deals in the 2017/18 financial year, which e‚Ä¶ https://t.co/kjHgx3nMrT"
983666980640182272,We are offering all delegates attending the Zimbabwe International Trade Fair the opportunity to receive up to 20%‚Ä¶ https://t.co/rgXrgBndGe
983658038291828736,"South African wine, fruit and nut producers can expect increased demand from China in the next few months after tha‚Ä¶ https://t.co/qz7wUG2iMf"
985162025285373952,Ron Davidson of Soy Canada says Canadian #soybean farmers could get side-swiped by Chinese impose import tariffs on‚Ä¶ https://t.co/K0xny11zFB
983705181958352896,@shonasauce_ I picked International Trade Law and Legal Accounting.
984117146090377216,Sign the Petition https://t.co/AULtid1m8W
983070180036239361,"@VOAIran International drug trade, a challenge. It takes time to convert farmers to alternative crops. No demand, s‚Ä¶ https://t.co/QQxftOAZgh"
